{
	"credit": "Made with Blockbench",
	"textures": {
		"0": "block/iron_trapdoor",
		"1": "block/iron_trapdoor_inverted",
		"particle": "block/iron_trapdoor"
	},
	"elements": [
		{
			"from": [0, 13, 13],
			"to": [16, 16, 16],
			"rotation": {"angle": 0, "axis": "x", "origin": [8, 8, 21]},
			"faces": {
				"north": {"uv": [0, 13, 16, 16], "rotation": 180, "texture": "#1"},
				"east": {"uv": [0, 13, 1, 16], "rotation": 180, "texture": "#0"},
				"south": {"uv": [0, 13, 16, 16], "rotation": 180, "texture": "#0"},
				"west": {"uv": [15, 13, 16, 16], "rotation": 180, "texture": "#0"},
				"up": {"uv": [0, 15, 16, 16], "rotation": 180, "texture": "#0"},
				"down": {"uv": [0, 2, 16, 3], "rotation": 180, "texture": "#0"}
			}
		},
		{
			"from": [0, 0, 13],
			"to": [16, 3, 16],
			"rotation": {"angle": 0, "axis": "x", "origin": [8, 8, 21]},
			"faces": {
				"north": {"uv": [0, 0, 16, 3], "rotation": 180, "texture": "#1"},
				"east": {"uv": [0, 0, 1, 3], "rotation": 180, "texture": "#0"},
				"south": {"uv": [0, 0, 16, 3], "rotation": 180, "texture": "#0"},
				"west": {"uv": [15, 0, 16, 3], "rotation": 180, "texture": "#0"},
				"up": {"uv": [0, 2, 16, 3], "rotation": 180, "texture": "#0"},
				"down": {"uv": [0, 0, 16, 1], "texture": "#0"}
			}
		},
		{
			"from": [0, 3, 13],
			"to": [3, 13, 16],
			"rotation": {"angle": 0, "axis": "x", "origin": [8, 8, 21]},
			"faces": {
				"north": {"uv": [0, 3, 3, 13], "rotation": 180, "texture": "#1"},
				"east": {"uv": [13, 3, 14, 13], "rotation": 180, "texture": "#0"},
				"south": {"uv": [13, 3, 16, 13], "rotation": 180, "texture": "#0"},
				"west": {"uv": [15, 3, 16, 13], "rotation": 180, "texture": "#0"}
			}
		},
		{
			"from": [13, 3, 13],
			"to": [16, 13, 16],
			"rotation": {"angle": 0, "axis": "x", "origin": [8, 8, 21]},
			"faces": {
				"north": {"uv": [13, 3, 16, 13], "rotation": 180, "texture": "#1"},
				"east": {"uv": [0, 3, 1, 13], "rotation": 180, "texture": "#0"},
				"south": {"uv": [0, 3, 3, 13], "rotation": 180, "texture": "#0"},
				"west": {"uv": [2, 3, 3, 13], "rotation": 180, "texture": "#0"}
			}
		},
		{
			"from": [6, 3, 13],
			"to": [10, 13, 16],
			"rotation": {"angle": 0, "axis": "x", "origin": [8, 8, 21]},
			"faces": {
				"north": {"uv": [6, 3, 10, 13], "rotation": 180, "texture": "#1"},
				"east": {"uv": [6, 3, 7, 13], "rotation": 180, "texture": "#0"},
				"south": {"uv": [6, 3, 10, 13], "rotation": 180, "texture": "#0"},
				"west": {"uv": [9, 3, 10, 13], "rotation": 180, "texture": "#0"}
			}
		},
		{
			"from": [3, 6, 13],
			"to": [6, 10, 16],
			"rotation": {"angle": 0, "axis": "x", "origin": [8, 8, 21]},
			"faces": {
				"north": {"uv": [3, 6, 6, 10], "rotation": 180, "texture": "#1"},
				"south": {"uv": [10, 6, 13, 10], "rotation": 180, "texture": "#0"},
				"up": {"uv": [10, 9, 13, 10], "rotation": 180, "texture": "#0"},
				"down": {"uv": [10, 6, 13, 7], "rotation": 180, "texture": "#0"}
			}
		},
		{
			"from": [10, 6, 13],
			"to": [13, 10, 16],
			"rotation": {"angle": 0, "axis": "x", "origin": [8, 8, 21]},
			"faces": {
				"north": {"uv": [10, 6, 13, 10], "rotation": 180, "texture": "#1"},
				"south": {"uv": [3, 6, 6, 10], "rotation": 180, "texture": "#0"},
				"up": {"uv": [3, 9, 6, 10], "rotation": 180, "texture": "#0"},
				"down": {"uv": [3, 6, 6, 7], "rotation": 180, "texture": "#0"}
			}
		}
	]
}