{
	"credit": "Made with Blockbench",
	"parent": "rail_raised_ne",
	"textures": {
		"0": "block/powered_rail",
		"particle": "block/powered_rail"
	},
	"elements": [
		{
			"from": [11, 0, 15],
			"to": [14, 2, 16],
			"rotation": {"angle": 0, "axis": "y", "origin": [6, 23, 22]},
			"faces": {
				"north": {"uv": [2, 14, 5, 16], "texture": "#0"},
				"east": {"uv": [13, 14, 14, 16], "texture": "#0"},
				"south": {"uv": [11, 14, 14, 16], "texture": "#0"},
				"west": {"uv": [11, 14, 12, 16], "texture": "#0"},
				"up": {"uv": [11, 15, 14, 16], "texture": "#0"},
				"down": {"uv": [2, 15, 5, 16], "rotation": 180, "texture": "#0"}
			}
		},
		{
			"from": [2, 0, 15],
			"to": [5, 2, 16],
			"rotation": {"angle": 0, "axis": "y", "origin": [6, 23, 22]},
			"faces": {
				"north": {"uv": [11, 14, 14, 16], "texture": "#0"},
				"east": {"uv": [4, 14, 5, 16], "texture": "#0"},
				"south": {"uv": [2, 14, 5, 16], "texture": "#0"},
				"west": {"uv": [2, 14, 3, 16], "texture": "#0"},
				"up": {"uv": [2, 15, 5, 16], "texture": "#0"},
				"down": {"uv": [11, 15, 14, 16], "rotation": 180, "texture": "#0"}
			}
		},
		{
			"from": [7, 3, 12],
			"to": [9, 5, 13],
			"rotation": {"angle": 0, "axis": "y", "origin": [11, 26, 19]},
			"faces": {
				"north": {"uv": [7, 12, 9, 14], "rotation": 180, "texture": "#0"},
				"east": {"uv": [8, 11, 9, 13], "texture": "#0"},
				"south": {"uv": [7, 12, 9, 14], "texture": "#0"},
				"west": {"uv": [7, 11, 8, 13], "texture": "#0"},
				"up": {"uv": [7, 12, 9, 13], "rotation": 180, "texture": "#0"},
				"down": {"uv": [7, 12, 9, 13], "rotation": 180, "texture": "#0"}
			}
		},
		{
			"from": [7, 4, 11],
			"to": [9, 6, 12],
			"rotation": {"angle": 0, "axis": "y", "origin": [11, 27, 18]},
			"faces": {
				"north": {"uv": [7, 11, 9, 13], "texture": "#0"},
				"east": {"uv": [8, 11, 9, 13], "texture": "#0"},
				"south": {"uv": [7, 11, 9, 13], "texture": "#0"},
				"west": {"uv": [7, 11, 8, 13], "texture": "#0"},
				"up": {"uv": [7, 11, 9, 12], "rotation": 180, "texture": "#0"},
				"down": {"uv": [7, 11, 9, 12], "rotation": 180, "texture": "#0"}
			}
		},
		{
			"from": [7, 7, 8],
			"to": [9, 9, 9],
			"rotation": {"angle": 0, "axis": "y", "origin": [11, 30, 15]},
			"faces": {
				"north": {"uv": [7, 8, 9, 10], "rotation": 180, "texture": "#0"},
				"east": {"uv": [8, 7, 9, 9], "texture": "#0"},
				"south": {"uv": [7, 8, 9, 10], "texture": "#0"},
				"west": {"uv": [7, 7, 8, 9], "texture": "#0"},
				"up": {"uv": [7, 8, 9, 9], "rotation": 180, "texture": "#0"},
				"down": {"uv": [7, 8, 9, 9], "rotation": 180, "texture": "#0"}
			}
		},
		{
			"from": [7, 8, 7],
			"to": [9, 10, 8],
			"rotation": {"angle": 0, "axis": "y", "origin": [11, 31, 14]},
			"faces": {
				"north": {"uv": [7, 7, 9, 9], "texture": "#0"},
				"east": {"uv": [8, 7, 9, 9], "texture": "#0"},
				"south": {"uv": [7, 7, 9, 9], "texture": "#0"},
				"west": {"uv": [7, 7, 8, 9], "texture": "#0"},
				"up": {"uv": [7, 7, 9, 8], "rotation": 180, "texture": "#0"},
				"down": {"uv": [7, 7, 9, 8], "rotation": 180, "texture": "#0"}
			}
		},
		{
			"from": [7, 11, 4],
			"to": [9, 13, 5],
			"rotation": {"angle": 0, "axis": "y", "origin": [11, 34, 11]},
			"faces": {
				"north": {"uv": [7, 4, 9, 6], "rotation": 180, "texture": "#0"},
				"east": {"uv": [8, 3, 9, 5], "texture": "#0"},
				"south": {"uv": [7, 4, 9, 6], "texture": "#0"},
				"west": {"uv": [7, 3, 8, 5], "texture": "#0"},
				"up": {"uv": [7, 4, 9, 5], "rotation": 180, "texture": "#0"},
				"down": {"uv": [7, 4, 9, 5], "rotation": 180, "texture": "#0"}
			}
		},
		{
			"from": [7, 12, 3],
			"to": [9, 14, 4],
			"rotation": {"angle": 0, "axis": "y", "origin": [11, 35, 10]},
			"faces": {
				"north": {"uv": [7, 3, 9, 5], "texture": "#0"},
				"east": {"uv": [8, 3, 9, 5], "texture": "#0"},
				"south": {"uv": [7, 3, 9, 5], "texture": "#0"},
				"west": {"uv": [7, 3, 8, 5], "texture": "#0"},
				"up": {"uv": [7, 3, 9, 4], "rotation": 180, "texture": "#0"},
				"down": {"uv": [7, 3, 9, 4], "rotation": 180, "texture": "#0"}
			}
		},
		{
			"from": [1, 1, 14],
			"to": [15, 3, 15],
			"rotation": {"angle": 0, "axis": "y", "origin": [6, 23, 21]},
			"faces": {
				"north": {"uv": [1, 13, 15, 15], "texture": "#0"},
				"east": {"uv": [14, 13, 15, 15], "texture": "#0"},
				"south": {"uv": [1, 13, 15, 15], "texture": "#0"},
				"west": {"uv": [1, 13, 2, 15], "texture": "#0"},
				"up": {"uv": [1, 14, 15, 15], "rotation": 180, "texture": "#0"},
				"down": {"uv": [1, 14, 15, 15], "rotation": 180, "texture": "#0"}
			}
		},
		{
			"from": [1, 2, 13],
			"to": [15, 4, 14],
			"rotation": {"angle": 0, "axis": "y", "origin": [6, 23, 20]},
			"faces": {
				"north": {"uv": [1, 13, 15, 15], "texture": "#0"},
				"east": {"uv": [14, 13, 15, 15], "texture": "#0"},
				"south": {"uv": [1, 13, 15, 15], "texture": "#0"},
				"west": {"uv": [1, 13, 2, 15], "texture": "#0"},
				"up": {"uv": [1, 13, 15, 14], "rotation": 180, "texture": "#0"},
				"down": {"uv": [1, 13, 15, 14], "rotation": 180, "texture": "#0"}
			}
		},
		{
			"from": [2, 3, 12],
			"to": [5, 5, 13],
			"rotation": {"angle": 0, "axis": "y", "origin": [6, 23, 19]},
			"faces": {
				"north": {"uv": [11, 11, 14, 13], "texture": "#0"},
				"east": {"uv": [4, 11, 5, 13], "texture": "#0"},
				"south": {"uv": [2, 14, 5, 16], "texture": "#0"},
				"west": {"uv": [2, 11, 3, 13], "texture": "#0"},
				"up": {"uv": [2, 12, 5, 13], "texture": "#0"},
				"down": {"uv": [11, 12, 14, 13], "rotation": 180, "texture": "#0"}
			}
		},
		{
			"from": [11, 3, 12],
			"to": [14, 5, 13],
			"rotation": {"angle": 0, "axis": "y", "origin": [6, 23, 19]},
			"faces": {
				"north": {"uv": [2, 12, 5, 14], "texture": "#0"},
				"east": {"uv": [13, 11, 14, 13], "texture": "#0"},
				"south": {"uv": [11, 10, 14, 12], "texture": "#0"},
				"west": {"uv": [11, 11, 12, 13], "texture": "#0"},
				"up": {"uv": [11, 12, 14, 13], "texture": "#0"},
				"down": {"uv": [2, 12, 5, 13], "rotation": 180, "texture": "#0"}
			}
		},
		{
			"from": [2, 4, 11],
			"to": [5, 6, 12],
			"rotation": {"angle": 0, "axis": "y", "origin": [6, 23, 18]},
			"faces": {
				"north": {"uv": [11, 11, 14, 13], "texture": "#0"},
				"east": {"uv": [4, 11, 5, 13], "texture": "#0"},
				"south": {"uv": [2, 11, 5, 13], "texture": "#0"},
				"west": {"uv": [2, 11, 3, 13], "texture": "#0"},
				"up": {"uv": [2, 11, 5, 12], "texture": "#0"},
				"down": {"uv": [11, 11, 14, 12], "rotation": 180, "texture": "#0"}
			}
		},
		{
			"from": [11, 4, 11],
			"to": [14, 6, 12],
			"rotation": {"angle": 0, "axis": "y", "origin": [6, 23, 18]},
			"faces": {
				"north": {"uv": [2, 10, 5, 12], "texture": "#0"},
				"east": {"uv": [13, 11, 14, 13], "texture": "#0"},
				"south": {"uv": [11, 9, 14, 11], "texture": "#0"},
				"west": {"uv": [11, 11, 12, 13], "texture": "#0"},
				"up": {"uv": [11, 11, 14, 12], "texture": "#0"},
				"down": {"uv": [2, 11, 5, 12], "rotation": 180, "texture": "#0"}
			}
		},
		{
			"from": [1, 5, 10],
			"to": [15, 7, 11],
			"rotation": {"angle": 0, "axis": "y", "origin": [6, 23, 17]},
			"faces": {
				"north": {"uv": [1, 9, 15, 11], "texture": "#0"},
				"east": {"uv": [14, 9, 15, 11], "texture": "#0"},
				"south": {"uv": [1, 9, 15, 11], "texture": "#0"},
				"west": {"uv": [1, 9, 2, 11], "texture": "#0"},
				"up": {"uv": [1, 10, 15, 11], "rotation": 180, "texture": "#0"},
				"down": {"uv": [1, 10, 15, 11], "rotation": 180, "texture": "#0"}
			}
		},
		{
			"from": [1, 6, 9],
			"to": [15, 8, 10],
			"rotation": {"angle": 0, "axis": "y", "origin": [6, 23, 16]},
			"faces": {
				"north": {"uv": [1, 9, 15, 11], "texture": "#0"},
				"east": {"uv": [14, 9, 15, 11], "texture": "#0"},
				"south": {"uv": [1, 9, 15, 11], "texture": "#0"},
				"west": {"uv": [1, 9, 2, 11], "texture": "#0"},
				"up": {"uv": [1, 9, 15, 10], "rotation": 180, "texture": "#0"},
				"down": {"uv": [1, 9, 15, 10], "rotation": 180, "texture": "#0"}
			}
		},
		{
			"from": [2, 7, 8],
			"to": [5, 9, 9],
			"rotation": {"angle": 0, "axis": "y", "origin": [6, 23, 15]},
			"faces": {
				"north": {"uv": [11, 10, 14, 12], "texture": "#0"},
				"east": {"uv": [4, 7, 5, 9], "texture": "#0"},
				"south": {"uv": [2, 8, 5, 10], "texture": "#0"},
				"west": {"uv": [2, 7, 3, 9], "texture": "#0"},
				"up": {"uv": [2, 8, 5, 9], "texture": "#0"},
				"down": {"uv": [11, 8, 14, 9], "rotation": 180, "texture": "#0"}
			}
		},
		{
			"from": [11, 7, 8],
			"to": [14, 9, 9],
			"rotation": {"angle": 0, "axis": "y", "origin": [6, 23, 15]},
			"faces": {
				"north": {"uv": [2, 10, 5, 12], "texture": "#0"},
				"east": {"uv": [13, 7, 14, 9], "texture": "#0"},
				"south": {"uv": [11, 8, 14, 10], "texture": "#0"},
				"west": {"uv": [11, 7, 12, 9], "texture": "#0"},
				"up": {"uv": [11, 8, 14, 9], "texture": "#0"},
				"down": {"uv": [2, 8, 5, 9], "rotation": 180, "texture": "#0"}
			}
		},
		{
			"from": [2, 8, 7],
			"to": [5, 10, 8],
			"rotation": {"angle": 0, "axis": "y", "origin": [6, 23, 14]},
			"faces": {
				"north": {"uv": [11, 7, 14, 9], "texture": "#0"},
				"east": {"uv": [4, 7, 5, 9], "texture": "#0"},
				"south": {"uv": [2, 7, 5, 9], "texture": "#0"},
				"west": {"uv": [2, 7, 3, 9], "texture": "#0"},
				"up": {"uv": [2, 7, 5, 8], "texture": "#0"},
				"down": {"uv": [11, 7, 14, 8], "rotation": 180, "texture": "#0"}
			}
		},
		{
			"from": [11, 8, 7],
			"to": [14, 10, 8],
			"rotation": {"angle": 0, "axis": "y", "origin": [6, 23, 14]},
			"faces": {
				"north": {"uv": [2, 6, 5, 8], "texture": "#0"},
				"east": {"uv": [13, 7, 14, 9], "texture": "#0"},
				"south": {"uv": [11, 5, 14, 7], "texture": "#0"},
				"west": {"uv": [11, 7, 12, 9], "texture": "#0"},
				"up": {"uv": [11, 7, 14, 8], "texture": "#0"},
				"down": {"uv": [2, 7, 5, 8], "rotation": 180, "texture": "#0"}
			}
		},
		{
			"from": [1, 9, 6],
			"to": [15, 11, 7],
			"rotation": {"angle": 0, "axis": "y", "origin": [6, 23, 13]},
			"faces": {
				"north": {"uv": [1, 5, 15, 7], "texture": "#0"},
				"east": {"uv": [14, 5, 15, 7], "texture": "#0"},
				"south": {"uv": [1, 5, 15, 7], "texture": "#0"},
				"west": {"uv": [1, 5, 2, 7], "texture": "#0"},
				"up": {"uv": [1, 6, 15, 7], "rotation": 180, "texture": "#0"},
				"down": {"uv": [1, 6, 15, 7], "rotation": 180, "texture": "#0"}
			}
		},
		{
			"from": [1, 10, 5],
			"to": [15, 12, 6],
			"rotation": {"angle": 0, "axis": "y", "origin": [6, 23, 12]},
			"faces": {
				"north": {"uv": [1, 5, 15, 7], "texture": "#0"},
				"east": {"uv": [14, 5, 15, 7], "texture": "#0"},
				"south": {"uv": [1, 5, 15, 7], "texture": "#0"},
				"west": {"uv": [1, 5, 2, 7], "texture": "#0"},
				"up": {"uv": [1, 5, 15, 6], "rotation": 180, "texture": "#0"},
				"down": {"uv": [1, 5, 15, 6], "rotation": 180, "texture": "#0"}
			}
		},
		{
			"from": [2, 11, 4],
			"to": [5, 13, 5],
			"rotation": {"angle": 0, "axis": "y", "origin": [6, 23, 11]},
			"faces": {
				"north": {"uv": [11, 3, 14, 5], "texture": "#0"},
				"east": {"uv": [4, 3, 5, 5], "texture": "#0"},
				"south": {"uv": [2, 4, 5, 6], "texture": "#0"},
				"west": {"uv": [2, 3, 3, 5], "texture": "#0"},
				"up": {"uv": [2, 4, 5, 5], "texture": "#0"},
				"down": {"uv": [11, 4, 14, 5], "rotation": 180, "texture": "#0"}
			}
		},
		{
			"from": [11, 11, 4],
			"to": [14, 13, 5],
			"rotation": {"angle": 0, "axis": "y", "origin": [6, 23, 11]},
			"faces": {
				"north": {"uv": [2, 3, 5, 5], "texture": "#0"},
				"east": {"uv": [13, 3, 14, 5], "texture": "#0"},
				"south": {"uv": [11, 4, 14, 6], "texture": "#0"},
				"west": {"uv": [11, 3, 12, 5], "texture": "#0"},
				"up": {"uv": [11, 4, 14, 5], "texture": "#0"},
				"down": {"uv": [2, 4, 5, 5], "rotation": 180, "texture": "#0"}
			}
		},
		{
			"from": [2, 12, 3],
			"to": [5, 14, 4],
			"rotation": {"angle": 0, "axis": "y", "origin": [6, 23, 10]},
			"faces": {
				"north": {"uv": [11, 2, 14, 4], "texture": "#0"},
				"east": {"uv": [4, 3, 5, 5], "texture": "#0"},
				"south": {"uv": [2, 3, 5, 5], "texture": "#0"},
				"west": {"uv": [2, 3, 3, 5], "texture": "#0"},
				"up": {"uv": [2, 3, 5, 4], "texture": "#0"},
				"down": {"uv": [11, 3, 14, 4], "rotation": 180, "texture": "#0"}
			}
		},
		{
			"from": [11, 12, 3],
			"to": [14, 14, 4],
			"rotation": {"angle": 0, "axis": "y", "origin": [6, 23, 10]},
			"faces": {
				"north": {"uv": [2, 2, 5, 4], "texture": "#0"},
				"east": {"uv": [13, 3, 14, 5], "texture": "#0"},
				"south": {"uv": [11, 3, 14, 5], "texture": "#0"},
				"west": {"uv": [11, 3, 12, 5], "texture": "#0"},
				"up": {"uv": [11, 3, 14, 4], "texture": "#0"},
				"down": {"uv": [2, 3, 5, 4], "rotation": 180, "texture": "#0"}
			}
		},
		{
			"from": [1, 13, 2],
			"to": [15, 15, 3],
			"rotation": {"angle": 0, "axis": "y", "origin": [6, 23, 9]},
			"faces": {
				"north": {"uv": [1, 1, 15, 3], "texture": "#0"},
				"east": {"uv": [14, 1, 15, 3], "texture": "#0"},
				"south": {"uv": [1, 1, 15, 3], "texture": "#0"},
				"west": {"uv": [1, 1, 2, 3], "texture": "#0"},
				"up": {"uv": [1, 2, 15, 3], "rotation": 180, "texture": "#0"},
				"down": {"uv": [1, 2, 15, 3], "rotation": 180, "texture": "#0"}
			}
		},
		{
			"from": [1, 14, 1],
			"to": [15, 16, 2],
			"rotation": {"angle": 0, "axis": "y", "origin": [6, 23, 8]},
			"faces": {
				"north": {"uv": [1, 1, 15, 2], "texture": "#0"},
				"east": {"uv": [14, 1, 15, 3], "texture": "#0"},
				"south": {"uv": [1, 1, 15, 2], "texture": "#0"},
				"west": {"uv": [1, 1, 2, 3], "texture": "#0"},
				"up": {"uv": [1, 1, 15, 2], "rotation": 180, "texture": "#0"},
				"down": {"uv": [1, 1, 15, 2], "rotation": 180, "texture": "#0"}
			}
		},
		{
			"from": [2, 15, 0],
			"to": [5, 17, 1],
			"rotation": {"angle": 0, "axis": "y", "origin": [6, 23, 7]},
			"faces": {
				"north": {"uv": [11, 0, 14, 2], "texture": "#0"},
				"east": {"uv": [4, 0, 5, 2], "texture": "#0"},
				"south": {"uv": [2, 0, 5, 2], "texture": "#0"},
				"west": {"uv": [2, 0, 3, 2], "texture": "#0"},
				"up": {"uv": [2, 0, 5, 1], "texture": "#0"},
				"down": {"uv": [11, 0, 14, 1], "rotation": 180, "texture": "#0"}
			}
		},
		{
			"from": [11, 15, 0],
			"to": [14, 17, 1],
			"rotation": {"angle": 0, "axis": "y", "origin": [6, 23, 7]},
			"faces": {
				"north": {"uv": [2, 0, 5, 2], "texture": "#0"},
				"east": {"uv": [13, 0, 14, 2], "texture": "#0"},
				"south": {"uv": [11, 0, 14, 2], "texture": "#0"},
				"west": {"uv": [11, 0, 12, 2], "texture": "#0"},
				"up": {"uv": [11, 0, 14, 1], "texture": "#0"},
				"down": {"uv": [2, 0, 5, 1], "rotation": 180, "texture": "#0"}
			}
		}
	]
}