{
	"credit": "Made with Blockbench",
	"parent": "minecraft:block/cube_column",
	"textures": {
		"0": "block/bookshelf",
		"1": "block/oak_planks",
		"particle": "block/bookshelf"
	},
	"elements": [
		{
			"from": [0, 0, 0],
			"to": [16, 1, 16],
			"faces": {
				"north": {"uv": [0, 15, 16, 16], "texture": "#0"},
				"east": {"uv": [0, 15, 16, 16], "texture": "#0"},
				"south": {"uv": [0, 15, 16, 16], "texture": "#0"},
				"west": {"uv": [0, 15, 16, 16], "texture": "#0"},
				"up": {"uv": [0, 0, 16, 16], "texture": "#1"},
				"down": {"uv": [0, 0, 16, 16], "texture": "#1"}
			}
		},
		{
			"from": [0, 15, 0],
			"to": [16, 16, 16],
			"rotation": {"angle": 0, "axis": "y", "origin": [8, 4, 1]},
			"faces": {
				"north": {"uv": [0, 0, 16, 1], "texture": "#0"},
				"east": {"uv": [0, 0, 16, 1], "texture": "#0"},
				"south": {"uv": [0, 0, 16, 1], "texture": "#0"},
				"west": {"uv": [0, 0, 16, 1], "texture": "#0"},
				"up": {"uv": [0, 0, 16, 16], "texture": "#1"},
				"down": {"uv": [0, 0, 16, 16], "texture": "#1"}
			}
		},
		{
			"from": [15, 7, 1],
			"to": [16, 9, 15],
			"rotation": {"angle": 0, "axis": "y", "origin": [15.5, 8, 8]},
			"faces": {
				"north": {"uv": [0, 0, 16, 2], "texture": "#missing"},
				"east": {"uv": [1, 7, 15, 9], "texture": "#0"},
				"south": {"uv": [0, 7, 1, 9], "texture": "#0"},
				"west": {"uv": [0, 0, 16, 2], "texture": "#missing"},
				"up": {"uv": [1, 7, 15, 8], "rotation": 270, "texture": "#0"},
				"down": {"uv": [1, 8, 15, 9], "rotation": 90, "texture": "#0"}
			}
		},
		{
			"from": [1, 7, 0],
			"to": [15, 9, 1],
			"rotation": {"angle": 0, "axis": "y", "origin": [8.5, 8, 1]},
			"faces": {
				"north": {"uv": [1, 7, 15, 9], "texture": "#0"},
				"east": {"uv": [0, 7, 1, 9], "texture": "#0"},
				"south": {"uv": [0, 0, 16, 2], "texture": "#missing"},
				"west": {"uv": [0, 0, 16, 2], "texture": "#missing"},
				"up": {"uv": [1, 7, 15, 8], "rotation": 180, "texture": "#0"},
				"down": {"uv": [1, 8, 15, 9], "rotation": 180, "texture": "#0"}
			}
		},
		{
			"from": [1, 7, 15],
			"to": [15, 9, 16],
			"rotation": {"angle": 0, "axis": "y", "origin": [8, 8, 16]},
			"faces": {
				"north": {"uv": [0, 0, 16, 2], "texture": "#missing"},
				"east": {"uv": [0, 0, 16, 2], "texture": "#missing"},
				"south": {"uv": [1, 7, 15, 9], "texture": "#0"},
				"west": {"uv": [0, 7, 1, 9], "texture": "#0"},
				"up": {"uv": [1, 7, 15, 8], "texture": "#0"},
				"down": {"uv": [1, 8, 15, 9], "texture": "#0"}
			}
		},
		{
			"from": [0, 7, 1],
			"to": [1, 9, 15],
			"rotation": {"angle": 0, "axis": "y", "origin": [0, 8, 8]},
			"faces": {
				"north": {"uv": [0, 7, 1, 9], "texture": "#0"},
				"east": {"uv": [0, 0, 16, 2], "texture": "#missing"},
				"south": {"uv": [0, 0, 16, 2], "texture": "#missing"},
				"west": {"uv": [1, 7, 15, 9], "texture": "#0"},
				"up": {"uv": [1, 7, 15, 8], "rotation": 90, "texture": "#0"},
				"down": {"uv": [1, 8, 15, 9], "rotation": 270, "texture": "#0"}
			}
		},
		{
			"from": [0, 1, 0],
			"to": [1, 15, 1],
			"rotation": {"angle": 0, "axis": "y", "origin": [8, 9, 8]},
			"faces": {
				"north": {"uv": [15, 1, 16, 15], "texture": "#0"},
				"east": {"uv": [15, 1, 16, 15], "texture": "#0"},
				"south": {"uv": [0, 1, 1, 15], "texture": "#0"},
				"west": {"uv": [0, 1, 1, 15], "texture": "#0"},
				"up": {"uv": [0, 0, 1, 1], "texture": "#missing"},
				"down": {"uv": [0, 0, 1, 1], "texture": "#missing"}
			}
		},
		{
			"from": [15, 1, 0],
			"to": [16, 15, 1],
			"rotation": {"angle": 0, "axis": "y", "origin": [23, 9, 8]},
			"faces": {
				"north": {"uv": [0, 1, 1, 15], "texture": "#0"},
				"east": {"uv": [15, 1, 16, 15], "texture": "#0"},
				"south": {"uv": [15, 1, 16, 15], "texture": "#0"},
				"west": {"uv": [0, 1, 1, 15], "texture": "#0"},
				"up": {"uv": [0, 0, 1, 1], "texture": "#missing"},
				"down": {"uv": [0, 0, 1, 1], "texture": "#missing"}
			}
		},
		{
			"from": [15, 1, 15],
			"to": [16, 15, 16],
			"rotation": {"angle": 0, "axis": "y", "origin": [23, 9, 23]},
			"faces": {
				"north": {"uv": [0, 1, 1, 15], "texture": "#0"},
				"east": {"uv": [0, 1, 1, 15], "texture": "#0"},
				"south": {"uv": [15, 1, 16, 15], "texture": "#0"},
				"west": {"uv": [15, 1, 16, 15], "texture": "#0"},
				"up": {"uv": [15, 9, 16, 10], "texture": "#0"},
				"down": {"uv": [15, 9, 16, 10], "texture": "#0"}
			}
		},
		{
			"from": [0, 1, 15],
			"to": [1, 15, 16],
			"rotation": {"angle": 0, "axis": "y", "origin": [8, 9, 23]},
			"faces": {
				"north": {"uv": [15, 1, 16, 15], "texture": "#0"},
				"east": {"uv": [0, 1, 1, 15], "texture": "#0"},
				"south": {"uv": [0, 1, 1, 15], "texture": "#0"},
				"west": {"uv": [15, 1, 16, 15], "texture": "#0"},
				"up": {"uv": [0, 0, 1, 1], "texture": "#missing"},
				"down": {"uv": [0, 0, 1, 1], "texture": "#missing"}
			}
		},
		{
			"from": [1, 1, 1],
			"to": [15, 7, 15],
			"rotation": {"angle": 0, "axis": "y", "origin": [9, 9, 9]},
			"faces": {
				"north": {"uv": [1, 9, 15, 15], "texture": "#0"},
				"east": {"uv": [1, 9, 15, 15], "texture": "#0"},
				"south": {"uv": [1, 9, 15, 15], "texture": "#0"},
				"west": {"uv": [1, 9, 15, 15], "texture": "#0"},
				"up": {"uv": [1, 1, 15, 15], "texture": "#1"},
				"down": {"uv": [1, 1, 15, 15], "texture": "#1"}
			}
		},
		{
			"from": [1, 9, 1],
			"to": [15, 15, 15],
			"rotation": {"angle": 0, "axis": "y", "origin": [9, 17, 9]},
			"faces": {
				"north": {"uv": [1, 1, 15, 7], "texture": "#0"},
				"east": {"uv": [1, 1, 15, 7], "texture": "#0"},
				"south": {"uv": [1, 1, 15, 7], "texture": "#0"},
				"west": {"uv": [1, 1, 15, 7], "texture": "#0"},
				"up": {"uv": [1, 1, 15, 15], "texture": "#1"},
				"down": {"uv": [1, 1, 15, 15], "texture": "#1"}
			}
		},
		{
			"from": [0.75, 1, 13],
			"to": [1, 5, 15],
			"rotation": {"angle": 0, "axis": "y", "origin": [1, 4, 8]},
			"faces": {
				"north": {"uv": [0, 0, 0.25, 4], "texture": "#missing"},
				"east": {"uv": [0, 0, 1, 4], "texture": "#missing"},
				"south": {"uv": [0, 0, 0.25, 4], "texture": "#missing"},
				"west": {"uv": [13, 11, 15, 15], "texture": "#0"},
				"up": {"uv": [13, 11, 15, 12], "rotation": 90, "texture": "#0"},
				"down": {"uv": [0, 0, 1, 0.25], "rotation": 90, "texture": "#missing"}
			}
		},
		{
			"from": [13, 1, 15],
			"to": [15, 5, 15.25],
			"rotation": {"angle": 0, "axis": "y", "origin": [8, 4, 15]},
			"faces": {
				"north": {"uv": [0, 0, 1, 4], "texture": "#missing"},
				"east": {"uv": [0, 0, 0.25, 4], "texture": "#missing"},
				"south": {"uv": [13, 11, 15, 15], "texture": "#0"},
				"west": {"uv": [0, 0, 0.25, 4], "texture": "#missing"},
				"up": {"uv": [13, 11, 15, 12], "texture": "#0"},
				"down": {"uv": [0, 0, 1, 0.25], "rotation": 180, "texture": "#missing"}
			}
		},
		{
			"from": [15, 1, 1],
			"to": [15.25, 5, 3],
			"rotation": {"angle": 0, "axis": "y", "origin": [15, 4, 8]},
			"faces": {
				"north": {"uv": [0, 0, 0.25, 4], "texture": "#missing"},
				"east": {"uv": [13, 11, 15, 15], "texture": "#0"},
				"south": {"uv": [0, 0, 0.25, 4], "texture": "#missing"},
				"west": {"uv": [0, 0, 1, 4], "texture": "#missing"},
				"up": {"uv": [13, 11, 15, 12], "rotation": 270, "texture": "#0"},
				"down": {"uv": [0, 0, 1, 0.25], "rotation": 270, "texture": "#missing"}
			}
		},
		{
			"from": [1, 1, 0.75],
			"to": [3, 5, 1],
			"rotation": {"angle": 0, "axis": "y", "origin": [8, 4, 1]},
			"faces": {
				"north": {"uv": [13, 11, 15, 15], "texture": "#0"},
				"east": {"uv": [0, 0, 0.25, 4], "texture": "#missing"},
				"south": {"uv": [0, 0, 1, 4], "texture": "#missing"},
				"west": {"uv": [0, 0, 0.25, 4], "texture": "#missing"},
				"up": {"uv": [13, 11, 15, 12], "rotation": 180, "texture": "#0"},
				"down": {"uv": [0, 0, 1, 0.25], "texture": "#missing"}
			}
		},
		{
			"from": [0.25, 1, 11],
			"to": [1, 6, 13],
			"rotation": {"angle": 0, "axis": "y", "origin": [1, 4, 8]},
			"faces": {
				"north": {"uv": [11, 10, 12, 15], "texture": "#0"},
				"east": {"uv": [0, 0, 2, 5], "texture": "#missing"},
				"south": {"uv": [12, 10, 13, 15], "texture": "#0"},
				"west": {"uv": [11, 10, 13, 15], "texture": "#0"},
				"up": {"uv": [11, 10, 13, 11], "rotation": 270, "texture": "#0"},
				"down": {"uv": [0, 0, 2, 0.75], "rotation": 90, "texture": "#missing"}
			}
		},
		{
			"from": [11, 1, 15],
			"to": [13, 6, 15.75],
			"rotation": {"angle": 0, "axis": "y", "origin": [8, 4, 15]},
			"faces": {
				"north": {"uv": [0, 0, 2, 5], "texture": "#missing"},
				"east": {"uv": [12, 10, 13, 15], "texture": "#0"},
				"south": {"uv": [11, 10, 13, 15], "texture": "#0"},
				"west": {"uv": [11, 10, 12, 15], "texture": "#0"},
				"up": {"uv": [11, 10, 13, 11], "rotation": 180, "texture": "#0"},
				"down": {"uv": [0, 0, 2, 0.75], "rotation": 180, "texture": "#missing"}
			}
		},
		{
			"from": [15, 1, 3],
			"to": [15.75, 6, 5],
			"rotation": {"angle": 0, "axis": "y", "origin": [15, 4, 8]},
			"faces": {
				"north": {"uv": [12, 10, 13, 15], "texture": "#0"},
				"east": {"uv": [11, 10, 13, 15], "texture": "#0"},
				"south": {"uv": [11, 10, 12, 15], "texture": "#0"},
				"west": {"uv": [0, 0, 2, 5], "texture": "#missing"},
				"up": {"uv": [11, 10, 13, 11], "rotation": 90, "texture": "#0"},
				"down": {"uv": [0, 0, 2, 0.75], "rotation": 270, "texture": "#missing"}
			}
		},
		{
			"from": [3, 1, 0.25],
			"to": [5, 6, 1],
			"rotation": {"angle": 0, "axis": "y", "origin": [8, 4, 1]},
			"faces": {
				"north": {"uv": [11, 10, 13, 15], "texture": "#0"},
				"east": {"uv": [11, 10, 12, 15], "texture": "#0"},
				"south": {"uv": [0, 0, 2, 5], "texture": "#missing"},
				"west": {"uv": [12, 10, 13, 15], "texture": "#0"},
				"up": {"uv": [11, 10, 13, 11], "texture": "#0"},
				"down": {"uv": [0, 0, 2, 0.75], "texture": "#missing"}
			}
		},
		{
			"from": [0.5, 1, 10],
			"to": [1, 4, 11],
			"rotation": {"angle": 0, "axis": "y", "origin": [1, 4, 8]},
			"faces": {
				"north": {"uv": [0, 0, 0.5, 3], "texture": "#missing"},
				"east": {"uv": [0, 0, 1, 3], "texture": "#missing"},
				"south": {"uv": [0, 0, 0.5, 3], "texture": "#missing"},
				"west": {"uv": [10, 12, 11, 15], "texture": "#0"},
				"up": {"uv": [10, 12, 11, 13], "rotation": 270, "texture": "#0"},
				"down": {"uv": [0, 0, 1, 0.5], "rotation": 90, "texture": "#missing"}
			}
		},
		{
			"from": [10, 1, 15],
			"to": [11, 4, 15.5],
			"rotation": {"angle": 0, "axis": "y", "origin": [8, 4, 15]},
			"faces": {
				"north": {"uv": [0, 0, 1, 3], "texture": "#missing"},
				"east": {"uv": [0, 0, 0.5, 3], "texture": "#missing"},
				"south": {"uv": [10, 12, 11, 15], "texture": "#0"},
				"west": {"uv": [0, 0, 0.5, 3], "texture": "#missing"},
				"up": {"uv": [10, 12, 11, 13], "rotation": 180, "texture": "#0"},
				"down": {"uv": [0, 0, 1, 0.5], "rotation": 180, "texture": "#missing"}
			}
		},
		{
			"from": [15, 1, 5],
			"to": [15.5, 4, 6],
			"rotation": {"angle": 0, "axis": "y", "origin": [15, 4, 8]},
			"faces": {
				"north": {"uv": [0, 0, 0.5, 3], "texture": "#missing"},
				"east": {"uv": [10, 12, 11, 15], "texture": "#0"},
				"south": {"uv": [0, 0, 0.5, 3], "texture": "#missing"},
				"west": {"uv": [0, 0, 1, 3], "texture": "#missing"},
				"up": {"uv": [10, 12, 11, 13], "rotation": 90, "texture": "#0"},
				"down": {"uv": [0, 0, 1, 0.5], "rotation": 270, "texture": "#missing"}
			}
		},
		{
			"from": [5, 1, 0.5],
			"to": [6, 4, 1],
			"rotation": {"angle": 0, "axis": "y", "origin": [8, 4, 1]},
			"faces": {
				"north": {"uv": [10, 12, 11, 15], "texture": "#0"},
				"east": {"uv": [0, 0, 0.5, 3], "texture": "#missing"},
				"south": {"uv": [0, 0, 1, 3], "texture": "#missing"},
				"west": {"uv": [0, 0, 0.5, 3], "texture": "#missing"},
				"up": {"uv": [10, 12, 11, 13], "texture": "#0"},
				"down": {"uv": [0, 0, 1, 0.5], "texture": "#missing"}
			}
		},
		{
			"from": [0.5, 1, 9],
			"to": [1, 5, 10],
			"rotation": {"angle": 0, "axis": "y", "origin": [1, 4, 8]},
			"faces": {
				"north": {"uv": [9, 11, 10, 15], "texture": "#0"},
				"east": {"uv": [0, 0, 1, 4], "texture": "#missing"},
				"south": {"uv": [9, 11, 10, 15], "texture": "#0"},
				"west": {"uv": [9, 11, 10, 15], "texture": "#0"},
				"up": {"uv": [9, 11, 10, 12], "rotation": 270, "texture": "#0"},
				"down": {"uv": [0, 0, 1, 0.5], "rotation": 90, "texture": "#missing"}
			}
		},
		{
			"from": [9, 1, 15],
			"to": [10, 5, 15.5],
			"rotation": {"angle": 0, "axis": "y", "origin": [8, 4, 15]},
			"faces": {
				"north": {"uv": [0, 0, 1, 4], "texture": "#missing"},
				"east": {"uv": [9, 11, 10, 15], "texture": "#0"},
				"south": {"uv": [9, 11, 10, 15], "texture": "#0"},
				"west": {"uv": [9, 11, 10, 15], "texture": "#0"},
				"up": {"uv": [9, 11, 10, 12], "rotation": 180, "texture": "#0"},
				"down": {"uv": [0, 0, 1, 0.5], "rotation": 180, "texture": "#missing"}
			}
		},
		{
			"from": [15, 1, 6],
			"to": [15.5, 5, 7],
			"rotation": {"angle": 0, "axis": "y", "origin": [15, 4, 8]},
			"faces": {
				"north": {"uv": [9, 11, 10, 15], "texture": "#0"},
				"east": {"uv": [9, 11, 10, 15], "texture": "#0"},
				"south": {"uv": [9, 11, 10, 15], "texture": "#0"},
				"west": {"uv": [0, 0, 1, 4], "texture": "#missing"},
				"up": {"uv": [9, 11, 10, 12], "rotation": 90, "texture": "#0"},
				"down": {"uv": [0, 0, 1, 0.5], "rotation": 270, "texture": "#missing"}
			}
		},
		{
			"from": [6, 1, 0.5],
			"to": [7, 5, 1],
			"rotation": {"angle": 0, "axis": "y", "origin": [8, 4, 1]},
			"faces": {
				"north": {"uv": [9, 11, 10, 15], "texture": "#0"},
				"east": {"uv": [9, 11, 10, 15], "texture": "#0"},
				"south": {"uv": [0, 0, 1, 4], "texture": "#missing"},
				"west": {"uv": [9, 11, 10, 15], "texture": "#0"},
				"up": {"uv": [9, 11, 10, 12], "texture": "#0"},
				"down": {"uv": [0, 0, 1, 0.5], "texture": "#missing"}
			}
		},
		{
			"from": [0.5, 2, 8],
			"to": [1, 6, 9],
			"rotation": {"angle": 0, "axis": "y", "origin": [1, 4, 8]},
			"faces": {
				"north": {"uv": [8, 10, 9, 14], "texture": "#0"},
				"east": {"uv": [0, 0, 1, 4], "texture": "#missing"},
				"south": {"uv": [8, 10, 9, 14], "texture": "#0"},
				"west": {"uv": [8, 10, 9, 14], "texture": "#0"},
				"up": {"uv": [8, 10, 9, 11], "rotation": 270, "texture": "#0"},
				"down": {"uv": [8, 13, 9, 14], "rotation": 90, "texture": "#0"}
			}
		},
		{
			"from": [8, 2, 15],
			"to": [9, 6, 15.5],
			"rotation": {"angle": 0, "axis": "y", "origin": [8, 4, 15]},
			"faces": {
				"north": {"uv": [0, 0, 1, 4], "texture": "#missing"},
				"east": {"uv": [8, 10, 9, 14], "texture": "#0"},
				"south": {"uv": [8, 10, 9, 14], "texture": "#0"},
				"west": {"uv": [8, 10, 9, 14], "texture": "#0"},
				"up": {"uv": [8, 10, 9, 11], "rotation": 180, "texture": "#0"},
				"down": {"uv": [8, 13, 9, 14], "rotation": 180, "texture": "#0"}
			}
		},
		{
			"from": [15, 2, 7],
			"to": [15.5, 6, 8],
			"rotation": {"angle": 0, "axis": "y", "origin": [15, 4, 8]},
			"faces": {
				"north": {"uv": [8, 10, 9, 14], "texture": "#0"},
				"east": {"uv": [8, 10, 9, 14], "texture": "#0"},
				"south": {"uv": [8, 10, 9, 14], "texture": "#0"},
				"west": {"uv": [0, 0, 1, 4], "texture": "#missing"},
				"up": {"uv": [8, 10, 9, 11], "rotation": 90, "texture": "#0"},
				"down": {"uv": [8, 13, 9, 14], "rotation": 270, "texture": "#0"}
			}
		},
		{
			"from": [7, 2, 0.5],
			"to": [8, 6, 1],
			"rotation": {"angle": 0, "axis": "y", "origin": [8, 4, 1]},
			"faces": {
				"north": {"uv": [8, 10, 9, 14], "texture": "#0"},
				"east": {"uv": [8, 10, 9, 14], "texture": "#0"},
				"south": {"uv": [0, 0, 1, 4], "texture": "#missing"},
				"west": {"uv": [8, 10, 9, 14], "texture": "#0"},
				"up": {"uv": [8, 10, 9, 11], "texture": "#0"},
				"down": {"uv": [8, 13, 9, 14], "texture": "#0"}
			}
		},
		{
			"from": [0.75, 1, 6],
			"to": [1, 7, 8],
			"rotation": {"angle": 0, "axis": "y", "origin": [1, 4, 8]},
			"faces": {
				"north": {"uv": [6, 9, 7, 15], "texture": "#0"},
				"east": {"uv": [0, 0, 2, 6], "texture": "#missing"},
				"south": {"uv": [7, 9, 8, 15], "texture": "#0"},
				"west": {"uv": [6, 9, 8, 15], "texture": "#0"},
				"up": {"uv": [0, 0, 2, 0.25], "rotation": 270, "texture": "#missing"},
				"down": {"uv": [0, 0, 2, 0.25], "rotation": 90, "texture": "#missing"}
			}
		},
		{
			"from": [6, 1, 15],
			"to": [8, 7, 15.25],
			"rotation": {"angle": 0, "axis": "y", "origin": [8, 4, 15]},
			"faces": {
				"north": {"uv": [0, 0, 2, 6], "texture": "#missing"},
				"east": {"uv": [7, 9, 8, 15], "texture": "#0"},
				"south": {"uv": [6, 9, 8, 15], "texture": "#0"},
				"west": {"uv": [6, 9, 7, 15], "texture": "#0"},
				"up": {"uv": [0, 0, 2, 0.25], "rotation": 180, "texture": "#missing"},
				"down": {"uv": [0, 0, 2, 0.25], "rotation": 180, "texture": "#missing"}
			}
		},
		{
			"from": [15, 1, 8],
			"to": [15.25, 7, 10],
			"rotation": {"angle": 0, "axis": "y", "origin": [15, 4, 8]},
			"faces": {
				"north": {"uv": [7, 9, 8, 15], "texture": "#0"},
				"east": {"uv": [6, 9, 8, 15], "texture": "#0"},
				"south": {"uv": [6, 9, 7, 15], "texture": "#0"},
				"west": {"uv": [0, 0, 2, 6], "texture": "#missing"},
				"up": {"uv": [0, 0, 2, 0.25], "rotation": 90, "texture": "#missing"},
				"down": {"uv": [0, 0, 2, 0.25], "rotation": 270, "texture": "#missing"}
			}
		},
		{
			"from": [8, 1, 0.75],
			"to": [10, 7, 1],
			"rotation": {"angle": 0, "axis": "y", "origin": [8, 4, 1]},
			"faces": {
				"north": {"uv": [6, 9, 8, 15], "texture": "#0"},
				"east": {"uv": [6, 9, 7, 15], "texture": "#0"},
				"south": {"uv": [0, 0, 2, 6], "texture": "#missing"},
				"west": {"uv": [7, 9, 8, 15], "texture": "#0"},
				"up": {"uv": [0, 0, 2, 0.25], "texture": "#missing"},
				"down": {"uv": [0, 0, 2, 0.25], "texture": "#missing"}
			}
		},
		{
			"from": [0.75, 1, 4],
			"to": [1, 6, 6],
			"rotation": {"angle": 0, "axis": "y", "origin": [1, 4, 8]},
			"faces": {
				"north": {"uv": [4, 10, 5, 15], "texture": "#0"},
				"east": {"uv": [0, 0, 2, 5], "texture": "#missing"},
				"south": {"uv": [0, 0, 0.25, 5], "texture": "#missing"},
				"west": {"uv": [4, 10, 6, 15], "texture": "#0"},
				"up": {"uv": [4, 10, 6, 11], "rotation": 90, "texture": "#0"},
				"down": {"uv": [0, 0, 2, 0.25], "rotation": 90, "texture": "#missing"}
			}
		},
		{
			"from": [4, 1, 15],
			"to": [6, 6, 15.25],
			"rotation": {"angle": 0, "axis": "y", "origin": [8, 4, 15]},
			"faces": {
				"north": {"uv": [0, 0, 2, 5], "texture": "#missing"},
				"east": {"uv": [0, 0, 0.25, 5], "texture": "#missing"},
				"south": {"uv": [4, 10, 6, 15], "texture": "#0"},
				"west": {"uv": [4, 10, 5, 15], "texture": "#0"},
				"up": {"uv": [4, 10, 6, 11], "texture": "#0"},
				"down": {"uv": [0, 0, 2, 0.25], "rotation": 180, "texture": "#missing"}
			}
		},
		{
			"from": [15, 1, 10],
			"to": [15.25, 6, 12],
			"rotation": {"angle": 0, "axis": "y", "origin": [15, 4, 8]},
			"faces": {
				"north": {"uv": [0, 0, 0.25, 5], "texture": "#missing"},
				"east": {"uv": [4, 10, 6, 15], "texture": "#0"},
				"south": {"uv": [4, 10, 5, 15], "texture": "#0"},
				"west": {"uv": [0, 0, 2, 5], "texture": "#missing"},
				"up": {"uv": [4, 10, 6, 11], "rotation": 270, "texture": "#0"},
				"down": {"uv": [0, 0, 2, 0.25], "rotation": 270, "texture": "#missing"}
			}
		},
		{
			"from": [10, 1, 0.75],
			"to": [12, 6, 1],
			"rotation": {"angle": 0, "axis": "y", "origin": [8, 4, 1]},
			"faces": {
				"north": {"uv": [4, 10, 6, 15], "texture": "#0"},
				"east": {"uv": [4, 10, 5, 15], "texture": "#0"},
				"south": {"uv": [0, 0, 2, 5], "texture": "#missing"},
				"west": {"uv": [0, 0, 0.25, 5], "texture": "#missing"},
				"up": {"uv": [4, 10, 6, 11], "rotation": 180, "texture": "#0"},
				"down": {"uv": [0, 0, 2, 0.25], "texture": "#missing"}
			}
		},
		{
			"from": [0.25, 1, 3],
			"to": [1, 5, 4],
			"rotation": {"angle": 0, "axis": "y", "origin": [1, 4, 8]},
			"faces": {
				"north": {"uv": [3, 11, 4, 15], "texture": "#0"},
				"east": {"uv": [0, 0, 1, 4], "texture": "#missing"},
				"south": {"uv": [3, 11, 4, 15], "texture": "#0"},
				"west": {"uv": [3, 11, 4, 15], "texture": "#0"},
				"up": {"uv": [3, 11, 4, 12], "rotation": 270, "texture": "#0"},
				"down": {"uv": [0, 0, 1, 0.75], "rotation": 90, "texture": "#missing"}
			}
		},
		{
			"from": [3, 1, 15],
			"to": [4, 5, 15.75],
			"rotation": {"angle": 0, "axis": "y", "origin": [8, 4, 15]},
			"faces": {
				"north": {"uv": [0, 0, 1, 4], "texture": "#missing"},
				"east": {"uv": [3, 11, 4, 15], "texture": "#0"},
				"south": {"uv": [3, 11, 4, 15], "texture": "#0"},
				"west": {"uv": [3, 11, 4, 15], "texture": "#0"},
				"up": {"uv": [3, 11, 4, 12], "rotation": 180, "texture": "#0"},
				"down": {"uv": [0, 0, 1, 0.75], "rotation": 180, "texture": "#missing"}
			}
		},
		{
			"from": [15, 1, 12],
			"to": [15.75, 5, 13],
			"rotation": {"angle": 0, "axis": "y", "origin": [15, 4, 8]},
			"faces": {
				"north": {"uv": [3, 11, 4, 15], "texture": "#0"},
				"east": {"uv": [3, 11, 4, 15], "texture": "#0"},
				"south": {"uv": [3, 11, 4, 15], "texture": "#0"},
				"west": {"uv": [0, 0, 1, 4], "texture": "#missing"},
				"up": {"uv": [3, 11, 4, 12], "rotation": 90, "texture": "#0"},
				"down": {"uv": [0, 0, 1, 0.75], "rotation": 270, "texture": "#missing"}
			}
		},
		{
			"from": [12, 1, 0.25],
			"to": [13, 5, 1],
			"rotation": {"angle": 0, "axis": "y", "origin": [8, 4, 1]},
			"faces": {
				"north": {"uv": [3, 11, 4, 15], "texture": "#0"},
				"east": {"uv": [3, 11, 4, 15], "texture": "#0"},
				"south": {"uv": [0, 0, 1, 4], "texture": "#missing"},
				"west": {"uv": [3, 11, 4, 15], "texture": "#0"},
				"up": {"uv": [3, 11, 4, 12], "texture": "#0"},
				"down": {"uv": [0, 0, 1, 0.75], "texture": "#missing"}
			}
		},
		{
			"from": [0.5, 1, 1],
			"to": [1, 6, 3],
			"rotation": {"angle": 0, "axis": "y", "origin": [1, 4, 8]},
			"faces": {
				"north": {"uv": [0, 0, 0.5, 5], "texture": "#missing"},
				"east": {"uv": [0, 0, 2, 5], "texture": "#missing"},
				"south": {"uv": [2, 10, 3, 15], "texture": "#0"},
				"west": {"uv": [1, 10, 3, 15], "texture": "#0"},
				"up": {"uv": [1, 10, 3, 11], "rotation": 90, "texture": "#0"},
				"down": {"uv": [0, 0, 2, 0.5], "rotation": 90, "texture": "#missing"}
			}
		},
		{
			"from": [1, 1, 15],
			"to": [3, 6, 15.5],
			"rotation": {"angle": 0, "axis": "y", "origin": [8, 4, 15]},
			"faces": {
				"north": {"uv": [0, 0, 2, 5], "texture": "#missing"},
				"east": {"uv": [2, 10, 3, 15], "texture": "#0"},
				"south": {"uv": [1, 10, 3, 15], "texture": "#0"},
				"west": {"uv": [0, 0, 0.5, 5], "texture": "#missing"},
				"up": {"uv": [1, 10, 3, 11], "texture": "#0"},
				"down": {"uv": [0, 0, 2, 0.5], "rotation": 180, "texture": "#missing"}
			}
		},
		{
			"from": [15, 1, 13],
			"to": [15.5, 6, 15],
			"rotation": {"angle": 0, "axis": "y", "origin": [15, 4, 8]},
			"faces": {
				"north": {"uv": [2, 10, 3, 15], "texture": "#0"},
				"east": {"uv": [1, 10, 3, 15], "texture": "#0"},
				"south": {"uv": [0, 0, 0.5, 5], "texture": "#missing"},
				"west": {"uv": [0, 0, 2, 5], "texture": "#missing"},
				"up": {"uv": [1, 10, 3, 11], "rotation": 270, "texture": "#0"},
				"down": {"uv": [0, 0, 2, 0.5], "rotation": 270, "texture": "#missing"}
			}
		},
		{
			"from": [13, 1, 0.5],
			"to": [15, 6, 1],
			"rotation": {"angle": 0, "axis": "y", "origin": [8, 4, 1]},
			"faces": {
				"north": {"uv": [1, 10, 3, 15], "texture": "#0"},
				"east": {"uv": [0, 0, 0.5, 5], "texture": "#missing"},
				"south": {"uv": [0, 0, 2, 5], "texture": "#missing"},
				"west": {"uv": [2, 10, 3, 15], "texture": "#0"},
				"up": {"uv": [1, 10, 3, 11], "rotation": 180, "texture": "#0"},
				"down": {"uv": [0, 0, 2, 0.5], "texture": "#missing"}
			}
		},
		{
			"from": [0.5, 9, 1],
			"to": [1, 13, 2],
			"rotation": {"angle": 0, "axis": "y", "origin": [0, 11, 8]},
			"faces": {
				"north": {"uv": [0, 0, 0.5, 4], "texture": "#missing"},
				"east": {"uv": [0, 0, 1, 4], "texture": "#missing"},
				"south": {"uv": [1, 3, 2, 7], "texture": "#0"},
				"west": {"uv": [1, 3, 2, 7], "texture": "#0"},
				"up": {"uv": [1, 3, 2, 4], "texture": "#0"},
				"down": {"uv": [0, 0, 0.5, 1], "texture": "#missing"}
			}
		},
		{
			"from": [1, 9, 15],
			"to": [2, 13, 15.5],
			"rotation": {"angle": 0, "axis": "y", "origin": [8, 11, 16]},
			"faces": {
				"north": {"uv": [0, 0, 1, 4], "texture": "#missing"},
				"east": {"uv": [1, 3, 2, 7], "texture": "#0"},
				"south": {"uv": [1, 3, 2, 7], "texture": "#0"},
				"west": {"uv": [0, 0, 0.5, 4], "texture": "#missing"},
				"up": {"uv": [1, 3, 2, 4], "rotation": 270, "texture": "#0"},
				"down": {"uv": [0, 0, 0.5, 1], "rotation": 90, "texture": "#missing"}
			}
		},
		{
			"from": [15, 9, 14],
			"to": [15.5, 13, 15],
			"rotation": {"angle": 0, "axis": "y", "origin": [16, 11, 8]},
			"faces": {
				"north": {"uv": [1, 3, 2, 7], "texture": "#0"},
				"east": {"uv": [1, 3, 2, 7], "texture": "#0"},
				"south": {"uv": [0, 0, 0.5, 4], "texture": "#missing"},
				"west": {"uv": [0, 0, 1, 4], "texture": "#missing"},
				"up": {"uv": [1, 3, 2, 4], "rotation": 180, "texture": "#0"},
				"down": {"uv": [0, 0, 0.5, 1], "rotation": 180, "texture": "#missing"}
			}
		},
		{
			"from": [14, 9, 0.5],
			"to": [15, 13, 1],
			"rotation": {"angle": 0, "axis": "y", "origin": [8, 11, 0]},
			"faces": {
				"north": {"uv": [1, 3, 2, 7], "texture": "#0"},
				"east": {"uv": [0, 0, 0.5, 4], "texture": "#missing"},
				"south": {"uv": [0, 0, 1, 4], "texture": "#missing"},
				"west": {"uv": [1, 3, 2, 7], "texture": "#0"},
				"up": {"uv": [1, 3, 2, 4], "rotation": 90, "texture": "#0"},
				"down": {"uv": [0, 0, 0.5, 1], "rotation": 270, "texture": "#missing"}
			}
		},
		{
			"from": [0.25, 9, 9],
			"to": [1, 14, 11],
			"rotation": {"angle": 0, "axis": "y", "origin": [0, 11, 8]},
			"faces": {
				"north": {"uv": [9, 2, 10, 7], "texture": "#0"},
				"east": {"uv": [0, 0, 2, 5], "texture": "#missing"},
				"south": {"uv": [10, 2, 11, 7], "texture": "#0"},
				"west": {"uv": [9, 2, 11, 7], "texture": "#0"},
				"up": {"uv": [9, 2, 11, 3], "rotation": 90, "texture": "#0"},
				"down": {"uv": [0, 0, 0.75, 2], "texture": "#missing"}
			}
		},
		{
			"from": [9, 9, 15],
			"to": [11, 14, 15.75],
			"rotation": {"angle": 0, "axis": "y", "origin": [8, 11, 16]},
			"faces": {
				"north": {"uv": [0, 0, 2, 5], "texture": "#missing"},
				"east": {"uv": [10, 2, 11, 7], "texture": "#0"},
				"south": {"uv": [9, 2, 11, 7], "texture": "#0"},
				"west": {"uv": [9, 2, 10, 7], "texture": "#0"},
				"up": {"uv": [9, 2, 11, 3], "texture": "#0"},
				"down": {"uv": [0, 0, 0.75, 2], "rotation": 90, "texture": "#missing"}
			}
		},
		{
			"from": [15, 9, 5],
			"to": [15.75, 14, 7],
			"rotation": {"angle": 0, "axis": "y", "origin": [16, 11, 8]},
			"faces": {
				"north": {"uv": [10, 2, 11, 7], "texture": "#0"},
				"east": {"uv": [9, 2, 11, 7], "texture": "#0"},
				"south": {"uv": [9, 2, 10, 7], "texture": "#0"},
				"west": {"uv": [0, 0, 2, 5], "texture": "#missing"},
				"up": {"uv": [9, 2, 11, 3], "rotation": 270, "texture": "#0"},
				"down": {"uv": [0, 0, 0.75, 2], "rotation": 180, "texture": "#missing"}
			}
		},
		{
			"from": [5, 9, 0.25],
			"to": [7, 14, 1],
			"rotation": {"angle": 0, "axis": "y", "origin": [8, 11, 0]},
			"faces": {
				"north": {"uv": [9, 2, 11, 7], "texture": "#0"},
				"east": {"uv": [9, 2, 10, 7], "texture": "#0"},
				"south": {"uv": [0, 0, 2, 5], "texture": "#missing"},
				"west": {"uv": [10, 2, 11, 7], "texture": "#0"},
				"up": {"uv": [9, 2, 11, 3], "rotation": 180, "texture": "#0"},
				"down": {"uv": [0, 0, 0.75, 2], "rotation": 270, "texture": "#missing"}
			}
		},
		{
			"from": [0.5, 9, 4],
			"to": [1, 14, 6],
			"rotation": {"angle": 0, "axis": "y", "origin": [0, 11, 8]},
			"faces": {
				"north": {"uv": [4, 2, 5, 7], "texture": "#0"},
				"east": {"uv": [0, 0, 2, 5], "texture": "#missing"},
				"south": {"uv": [5, 2, 6, 7], "texture": "#0"},
				"west": {"uv": [4, 2, 6, 7], "texture": "#0"},
				"up": {"uv": [4, 2, 6, 3], "rotation": 90, "texture": "#0"},
				"down": {"uv": [0, 0, 0.5, 2], "texture": "#missing"}
			}
		},
		{
			"from": [4, 9, 15],
			"to": [6, 14, 15.5],
			"rotation": {"angle": 0, "axis": "y", "origin": [8, 11, 16]},
			"faces": {
				"north": {"uv": [0, 0, 2, 5], "texture": "#missing"},
				"east": {"uv": [5, 2, 6, 7], "texture": "#0"},
				"south": {"uv": [4, 2, 6, 7], "texture": "#0"},
				"west": {"uv": [4, 2, 5, 7], "texture": "#0"},
				"up": {"uv": [4, 2, 6, 3], "texture": "#0"},
				"down": {"uv": [0, 0, 0.5, 2], "rotation": 90, "texture": "#missing"}
			}
		},
		{
			"from": [15, 9, 10],
			"to": [15.5, 14, 12],
			"rotation": {"angle": 0, "axis": "y", "origin": [16, 11, 8]},
			"faces": {
				"north": {"uv": [5, 2, 6, 7], "texture": "#0"},
				"east": {"uv": [4, 2, 6, 7], "texture": "#0"},
				"south": {"uv": [4, 2, 5, 7], "texture": "#0"},
				"west": {"uv": [0, 0, 2, 5], "texture": "#missing"},
				"up": {"uv": [4, 2, 6, 3], "rotation": 270, "texture": "#0"},
				"down": {"uv": [0, 0, 0.5, 2], "rotation": 180, "texture": "#missing"}
			}
		},
		{
			"from": [10, 9, 0.5],
			"to": [12, 14, 1],
			"rotation": {"angle": 0, "axis": "y", "origin": [8, 11, 0]},
			"faces": {
				"north": {"uv": [4, 2, 6, 7], "texture": "#0"},
				"east": {"uv": [4, 2, 5, 7], "texture": "#0"},
				"south": {"uv": [0, 0, 2, 5], "texture": "#missing"},
				"west": {"uv": [5, 2, 6, 7], "texture": "#0"},
				"up": {"uv": [4, 2, 6, 3], "rotation": 180, "texture": "#0"},
				"down": {"uv": [0, 0, 0.5, 2], "rotation": 270, "texture": "#missing"}
			}
		},
		{
			"from": [0.25, 9, 12],
			"to": [1, 15, 14],
			"rotation": {"angle": 0, "axis": "y", "origin": [0, 11, 8]},
			"faces": {
				"north": {"uv": [12, 1, 13, 7], "texture": "#0"},
				"east": {"uv": [0, 0, 2, 6], "texture": "#missing"},
				"south": {"uv": [13, 1, 14, 7], "texture": "#0"},
				"west": {"uv": [12, 1, 14, 7], "texture": "#0"},
				"up": {"uv": [0, 0, 0.75, 2], "texture": "#missing"},
				"down": {"uv": [0, 0, 0.75, 2], "texture": "#missing"}
			}
		},
		{
			"from": [12, 9, 15],
			"to": [14, 15, 15.75],
			"rotation": {"angle": 0, "axis": "y", "origin": [8, 11, 16]},
			"faces": {
				"north": {"uv": [0, 0, 2, 6], "texture": "#missing"},
				"east": {"uv": [13, 1, 14, 7], "texture": "#0"},
				"south": {"uv": [12, 1, 14, 7], "texture": "#0"},
				"west": {"uv": [12, 1, 13, 7], "texture": "#0"},
				"up": {"uv": [0, 0, 0.75, 2], "rotation": 270, "texture": "#missing"},
				"down": {"uv": [0, 0, 0.75, 2], "rotation": 90, "texture": "#missing"}
			}
		},
		{
			"from": [15, 9, 2],
			"to": [15.75, 15, 4],
			"rotation": {"angle": 0, "axis": "y", "origin": [16, 11, 8]},
			"faces": {
				"north": {"uv": [13, 1, 14, 7], "texture": "#0"},
				"east": {"uv": [12, 1, 14, 7], "texture": "#0"},
				"south": {"uv": [12, 1, 13, 7], "texture": "#0"},
				"west": {"uv": [0, 0, 2, 6], "texture": "#missing"},
				"up": {"uv": [0, 0, 0.75, 2], "rotation": 180, "texture": "#missing"},
				"down": {"uv": [0, 0, 0.75, 2], "rotation": 180, "texture": "#missing"}
			}
		},
		{
			"from": [2, 9, 0.25],
			"to": [4, 15, 1],
			"rotation": {"angle": 0, "axis": "y", "origin": [8, 11, 0]},
			"faces": {
				"north": {"uv": [12, 1, 14, 7], "texture": "#0"},
				"east": {"uv": [12, 1, 13, 7], "texture": "#0"},
				"south": {"uv": [0, 0, 2, 6], "texture": "#missing"},
				"west": {"uv": [13, 1, 14, 7], "texture": "#0"},
				"up": {"uv": [0, 0, 0.75, 2], "rotation": 90, "texture": "#missing"},
				"down": {"uv": [0, 0, 0.75, 2], "rotation": 270, "texture": "#missing"}
			}
		},
		{
			"from": [0.5, 9, 14],
			"to": [1, 13, 15],
			"rotation": {"angle": 0, "axis": "y", "origin": [0, 11, 8]},
			"faces": {
				"north": {"uv": [0, 0, 0.5, 4], "texture": "#missing"},
				"east": {"uv": [0, 0, 1, 4], "texture": "#missing"},
				"south": {"uv": [0, 0, 0.5, 4], "texture": "#missing"},
				"west": {"uv": [14, 3, 15, 7], "texture": "#0"},
				"up": {"uv": [14, 3, 15, 4], "texture": "#0"},
				"down": {"uv": [0, 0, 0.5, 1], "texture": "#missing"}
			}
		},
		{
			"from": [14, 9, 15],
			"to": [15, 13, 15.5],
			"rotation": {"angle": 0, "axis": "y", "origin": [8, 11, 16]},
			"faces": {
				"north": {"uv": [0, 0, 1, 4], "texture": "#missing"},
				"east": {"uv": [0, 0, 0.5, 4], "texture": "#missing"},
				"south": {"uv": [14, 3, 15, 7], "texture": "#0"},
				"west": {"uv": [0, 0, 0.5, 4], "texture": "#missing"},
				"up": {"uv": [14, 3, 15, 4], "rotation": 270, "texture": "#0"},
				"down": {"uv": [0, 0, 0.5, 1], "rotation": 90, "texture": "#missing"}
			}
		},
		{
			"from": [15, 9, 1],
			"to": [15.5, 13, 2],
			"rotation": {"angle": 0, "axis": "y", "origin": [16, 11, 8]},
			"faces": {
				"north": {"uv": [0, 0, 0.5, 4], "texture": "#missing"},
				"east": {"uv": [14, 3, 15, 7], "texture": "#0"},
				"south": {"uv": [0, 0, 0.5, 4], "texture": "#missing"},
				"west": {"uv": [0, 0, 1, 4], "texture": "#missing"},
				"up": {"uv": [14, 3, 15, 4], "rotation": 180, "texture": "#0"},
				"down": {"uv": [0, 0, 0.5, 1], "rotation": 180, "texture": "#missing"}
			}
		},
		{
			"from": [1, 9, 0.5],
			"to": [2, 13, 1],
			"rotation": {"angle": 0, "axis": "y", "origin": [8, 11, 0]},
			"faces": {
				"north": {"uv": [14, 3, 15, 7], "texture": "#0"},
				"east": {"uv": [0, 0, 0.5, 4], "texture": "#missing"},
				"south": {"uv": [0, 0, 1, 4], "texture": "#missing"},
				"west": {"uv": [0, 0, 0.5, 4], "texture": "#missing"},
				"up": {"uv": [14, 3, 15, 4], "rotation": 90, "texture": "#0"},
				"down": {"uv": [0, 0, 0.5, 1], "rotation": 270, "texture": "#missing"}
			}
		},
		{
			"from": [0.75, 9, 2],
			"to": [1, 13, 4],
			"rotation": {"angle": 0, "axis": "y", "origin": [0, 11, 8]},
			"faces": {
				"north": {"uv": [0, 0, 0.25, 4], "texture": "#missing"},
				"east": {"uv": [0, 0, 2, 4], "texture": "#missing"},
				"south": {"uv": [0, 0, 0.25, 4], "texture": "#missing"},
				"west": {"uv": [2, 3, 4, 7], "texture": "#0"},
				"up": {"uv": [2, 3, 4, 4], "rotation": 90, "texture": "#0"},
				"down": {"uv": [0, 0, 0.25, 2], "texture": "#missing"}
			}
		},
		{
			"from": [2, 9, 15],
			"to": [4, 13, 15.25],
			"rotation": {"angle": 0, "axis": "y", "origin": [8, 11, 16]},
			"faces": {
				"north": {"uv": [0, 0, 2, 4], "texture": "#missing"},
				"east": {"uv": [0, 0, 0.25, 4], "texture": "#missing"},
				"south": {"uv": [2, 3, 4, 7], "texture": "#0"},
				"west": {"uv": [0, 0, 0.25, 4], "texture": "#missing"},
				"up": {"uv": [2, 3, 4, 4], "texture": "#0"},
				"down": {"uv": [0, 0, 0.25, 2], "rotation": 90, "texture": "#missing"}
			}
		},
		{
			"from": [15, 9, 12],
			"to": [15.25, 13, 14],
			"rotation": {"angle": 0, "axis": "y", "origin": [16, 11, 8]},
			"faces": {
				"north": {"uv": [0, 0, 0.25, 4], "texture": "#missing"},
				"east": {"uv": [2, 3, 4, 7], "texture": "#0"},
				"south": {"uv": [0, 0, 0.25, 4], "texture": "#missing"},
				"west": {"uv": [0, 0, 2, 4], "texture": "#missing"},
				"up": {"uv": [2, 3, 4, 4], "rotation": 270, "texture": "#0"},
				"down": {"uv": [0, 0, 0.25, 2], "rotation": 180, "texture": "#missing"}
			}
		},
		{
			"from": [12, 9, 0.75],
			"to": [14, 13, 1],
			"rotation": {"angle": 0, "axis": "y", "origin": [8, 11, 0]},
			"faces": {
				"north": {"uv": [2, 3, 4, 7], "texture": "#0"},
				"east": {"uv": [0, 0, 0.25, 4], "texture": "#missing"},
				"south": {"uv": [0, 0, 2, 4], "texture": "#missing"},
				"west": {"uv": [0, 0, 0.25, 4], "texture": "#missing"},
				"up": {"uv": [2, 3, 4, 4], "rotation": 180, "texture": "#0"},
				"down": {"uv": [0, 0, 0.25, 2], "rotation": 270, "texture": "#missing"}
			}
		},
		{
			"from": [0.75, 9, 6],
			"to": [1, 12, 7],
			"rotation": {"angle": 0, "axis": "y", "origin": [0, 11, 8]},
			"faces": {
				"north": {"uv": [0, 0, 0.25, 3], "texture": "#missing"},
				"east": {"uv": [0, 0, 1, 3], "texture": "#missing"},
				"south": {"uv": [6, 4, 7, 7], "texture": "#0"},
				"west": {"uv": [6, 4, 7, 7], "texture": "#0"},
				"up": {"uv": [6, 4, 7, 5], "texture": "#0"},
				"down": {"uv": [0, 0, 0.25, 1], "texture": "#missing"}
			}
		},
		{
			"from": [6, 9, 15],
			"to": [7, 12, 15.25],
			"rotation": {"angle": 0, "axis": "y", "origin": [8, 11, 16]},
			"faces": {
				"north": {"uv": [0, 0, 1, 3], "texture": "#missing"},
				"east": {"uv": [6, 4, 7, 7], "texture": "#0"},
				"south": {"uv": [6, 4, 7, 7], "texture": "#0"},
				"west": {"uv": [0, 0, 0.25, 3], "texture": "#missing"},
				"up": {"uv": [6, 4, 7, 5], "rotation": 270, "texture": "#0"},
				"down": {"uv": [0, 0, 0.25, 1], "rotation": 90, "texture": "#missing"}
			}
		},
		{
			"from": [15, 9, 9],
			"to": [15.25, 12, 10],
			"rotation": {"angle": 0, "axis": "y", "origin": [16, 11, 8]},
			"faces": {
				"north": {"uv": [6, 4, 7, 7], "texture": "#0"},
				"east": {"uv": [6, 4, 7, 7], "texture": "#0"},
				"south": {"uv": [0, 0, 0.25, 3], "texture": "#missing"},
				"west": {"uv": [0, 0, 1, 3], "texture": "#missing"},
				"up": {"uv": [6, 4, 7, 5], "rotation": 180, "texture": "#0"},
				"down": {"uv": [0, 0, 0.25, 1], "rotation": 180, "texture": "#missing"}
			}
		},
		{
			"from": [9, 9, 0.75],
			"to": [10, 12, 1],
			"rotation": {"angle": 0, "axis": "y", "origin": [8, 11, 0]},
			"faces": {
				"north": {"uv": [6, 4, 7, 7], "texture": "#0"},
				"east": {"uv": [0, 0, 0.25, 3], "texture": "#missing"},
				"south": {"uv": [0, 0, 1, 3], "texture": "#missing"},
				"west": {"uv": [6, 4, 7, 7], "texture": "#0"},
				"up": {"uv": [6, 4, 7, 5], "rotation": 90, "texture": "#0"},
				"down": {"uv": [0, 0, 0.25, 1], "rotation": 270, "texture": "#missing"}
			}
		},
		{
			"from": [0.5, 9, 7],
			"to": [1, 11, 8],
			"rotation": {"angle": 0, "axis": "y", "origin": [0, 11, 8]},
			"faces": {
				"north": {"uv": [7, 5, 8, 7], "texture": "#0"},
				"east": {"uv": [0, 0, 1, 2], "texture": "#missing"},
				"south": {"uv": [7, 5, 8, 7], "texture": "#0"},
				"west": {"uv": [7, 5, 8, 7], "texture": "#0"},
				"up": {"uv": [7, 5, 8, 6], "texture": "#0"},
				"down": {"uv": [0, 0, 0.5, 1], "texture": "#missing"}
			}
		},
		{
			"from": [7, 9, 15],
			"to": [8, 11, 15.5],
			"rotation": {"angle": 0, "axis": "y", "origin": [8, 11, 16]},
			"faces": {
				"north": {"uv": [0, 0, 1, 2], "texture": "#missing"},
				"east": {"uv": [7, 5, 8, 7], "texture": "#0"},
				"south": {"uv": [7, 5, 8, 7], "texture": "#0"},
				"west": {"uv": [7, 5, 8, 7], "texture": "#0"},
				"up": {"uv": [7, 5, 8, 6], "rotation": 270, "texture": "#0"},
				"down": {"uv": [0, 0, 0.5, 1], "rotation": 90, "texture": "#missing"}
			}
		},
		{
			"from": [15, 9, 8],
			"to": [15.5, 11, 9],
			"rotation": {"angle": 0, "axis": "y", "origin": [16, 11, 8]},
			"faces": {
				"north": {"uv": [7, 5, 8, 7], "texture": "#0"},
				"east": {"uv": [7, 5, 8, 7], "texture": "#0"},
				"south": {"uv": [7, 5, 8, 7], "texture": "#0"},
				"west": {"uv": [0, 0, 1, 2], "texture": "#missing"},
				"up": {"uv": [7, 5, 8, 6], "rotation": 180, "texture": "#0"},
				"down": {"uv": [0, 0, 0.5, 1], "rotation": 180, "texture": "#missing"}
			}
		},
		{
			"from": [8, 9, 0.5],
			"to": [9, 11, 1],
			"rotation": {"angle": 0, "axis": "y", "origin": [8, 11, 0]},
			"faces": {
				"north": {"uv": [7, 5, 8, 7], "texture": "#0"},
				"east": {"uv": [7, 5, 8, 7], "texture": "#0"},
				"south": {"uv": [0, 0, 1, 2], "texture": "#missing"},
				"west": {"uv": [7, 5, 8, 7], "texture": "#0"},
				"up": {"uv": [7, 5, 8, 6], "rotation": 90, "texture": "#0"},
				"down": {"uv": [0, 0, 0.5, 1], "rotation": 270, "texture": "#missing"}
			}
		},
		{
			"from": [0.5, 10, 8],
			"to": [1, 13, 9],
			"rotation": {"angle": 0, "axis": "y", "origin": [0, 11, 8]},
			"faces": {
				"north": {"uv": [8, 3, 9, 6], "texture": "#0"},
				"east": {"uv": [0, 0, 1, 3], "texture": "#missing"},
				"south": {"uv": [0, 0, 0.5, 3], "texture": "#missing"},
				"west": {"uv": [8, 3, 9, 6], "texture": "#0"},
				"up": {"uv": [8, 3, 9, 4], "texture": "#0"},
				"down": {"uv": [8, 5, 9, 6], "texture": "#0"}
			}
		},
		{
			"from": [8, 10, 15],
			"to": [9, 13, 15.5],
			"rotation": {"angle": 0, "axis": "y", "origin": [8, 11, 16]},
			"faces": {
				"north": {"uv": [0, 0, 1, 3], "texture": "#missing"},
				"east": {"uv": [0, 0, 0.5, 3], "texture": "#missing"},
				"south": {"uv": [8, 3, 9, 6], "texture": "#0"},
				"west": {"uv": [8, 3, 9, 6], "texture": "#0"},
				"up": {"uv": [8, 3, 9, 4], "rotation": 270, "texture": "#0"},
				"down": {"uv": [8, 5, 9, 6], "rotation": 90, "texture": "#0"}
			}
		},
		{
			"from": [15, 10, 7],
			"to": [15.5, 13, 8],
			"rotation": {"angle": 0, "axis": "y", "origin": [16, 11, 8]},
			"faces": {
				"north": {"uv": [0, 0, 0.5, 3], "texture": "#missing"},
				"east": {"uv": [8, 3, 9, 6], "texture": "#0"},
				"south": {"uv": [8, 3, 9, 6], "texture": "#0"},
				"west": {"uv": [0, 0, 1, 3], "texture": "#missing"},
				"up": {"uv": [8, 3, 9, 4], "rotation": 180, "texture": "#0"},
				"down": {"uv": [8, 5, 9, 6], "rotation": 180, "texture": "#0"}
			}
		},
		{
			"from": [7, 10, 0.5],
			"to": [8, 13, 1],
			"rotation": {"angle": 0, "axis": "y", "origin": [8, 11, 0]},
			"faces": {
				"north": {"uv": [8, 3, 9, 6], "texture": "#0"},
				"east": {"uv": [8, 3, 9, 6], "texture": "#0"},
				"south": {"uv": [0, 0, 1, 3], "texture": "#missing"},
				"west": {"uv": [0, 0, 0.5, 3], "texture": "#missing"},
				"up": {"uv": [8, 3, 9, 4], "rotation": 90, "texture": "#0"},
				"down": {"uv": [8, 5, 9, 6], "rotation": 270, "texture": "#0"}
			}
		},
		{
			"from": [0.75, 9, 11],
			"to": [1, 13, 12],
			"rotation": {"angle": 0, "axis": "y", "origin": [0, 11, 8]},
			"faces": {
				"north": {"uv": [0, 0, 0.25, 4], "texture": "#missing"},
				"east": {"uv": [0, 0, 1, 4], "texture": "#missing"},
				"south": {"uv": [0, 0, 0.25, 4], "texture": "#missing"},
				"west": {"uv": [11, 3, 12, 7], "texture": "#0"},
				"up": {"uv": [11, 3, 12, 4], "texture": "#0"},
				"down": {"uv": [0, 0, 0.25, 1], "texture": "#missing"}
			}
		},
		{
			"from": [11, 9, 15],
			"to": [12, 13, 15.25],
			"rotation": {"angle": 0, "axis": "y", "origin": [8, 11, 16]},
			"faces": {
				"north": {"uv": [0, 0, 1, 4], "texture": "#missing"},
				"east": {"uv": [0, 0, 0.25, 4], "texture": "#missing"},
				"south": {"uv": [11, 3, 12, 7], "texture": "#0"},
				"west": {"uv": [0, 0, 0.25, 4], "texture": "#missing"},
				"up": {"uv": [11, 3, 12, 4], "rotation": 270, "texture": "#0"},
				"down": {"uv": [0, 0, 0.25, 1], "rotation": 90, "texture": "#missing"}
			}
		},
		{
			"from": [15, 9, 4],
			"to": [15.25, 13, 5],
			"rotation": {"angle": 0, "axis": "y", "origin": [16, 11, 8]},
			"faces": {
				"north": {"uv": [0, 0, 0.25, 4], "texture": "#missing"},
				"east": {"uv": [11, 3, 12, 7], "texture": "#0"},
				"south": {"uv": [0, 0, 0.25, 4], "texture": "#missing"},
				"west": {"uv": [0, 0, 1, 4], "texture": "#missing"},
				"up": {"uv": [11, 3, 12, 4], "rotation": 180, "texture": "#0"},
				"down": {"uv": [0, 0, 0.25, 1], "rotation": 180, "texture": "#missing"}
			}
		},
		{
			"from": [4, 9, 0.75],
			"to": [5, 13, 1],
			"rotation": {"angle": 0, "axis": "y", "origin": [8, 11, 0]},
			"faces": {
				"north": {"uv": [11, 3, 12, 7], "texture": "#0"},
				"east": {"uv": [0, 0, 0.25, 4], "texture": "#missing"},
				"south": {"uv": [0, 0, 1, 4], "texture": "#missing"},
				"west": {"uv": [0, 0, 0.25, 4], "texture": "#missing"},
				"up": {"uv": [11, 3, 12, 4], "rotation": 90, "texture": "#0"},
				"down": {"uv": [0, 0, 0.25, 1], "rotation": 270, "texture": "#missing"}
			}
		}
	]
}