{
	"credit": "Made with Blockbench",
	"ambientocclusion": false,
	"textures": {
		"line": "block/redstone_dust_line0"
	},
	"elements": [
		{
			"from": [7, 0, 0],
			"to": [8, 1, 0.75],
			"rotation": {"angle": 0, "axis": "y", "origin": [15, 8, 8]},
			"faces": {
				"north": {"uv": [7, 15, 8, 16], "texture": "#line", "tintindex": 0},
				"east": {"uv": [7, 15, 8, 16], "texture": "#line", "tintindex": 0},
				"south": {"uv": [7, 15, 8, 16], "texture": "#line", "tintindex": 0},
				"west": {"uv": [7, 15, 8, 16], "texture": "#line", "tintindex": 0},
				"up": {"uv": [7, 15, 8, 16], "texture": "#line", "tintindex": 0},
				"down": {"uv": [7, 15, 8, 16], "texture": "#line", "tintindex": 0}
			}
		},
		{
			"from": [8, 1, 0],
			"to": [9, 4, 0.75],
			"rotation": {"angle": 0, "axis": "y", "origin": [16, 9, 8]},
			"faces": {
				"north": {"uv": [8, 12, 9, 15], "texture": "#line", "tintindex": 0},
				"east": {"uv": [8, 12, 9, 15], "texture": "#line", "tintindex": 0},
				"south": {"uv": [8, 12, 9, 15], "texture": "#line", "tintindex": 0},
				"west": {"uv": [8, 12, 9, 15], "texture": "#line", "tintindex": 0},
				"up": {"uv": [8, 12, 9, 13], "texture": "#line", "tintindex": 0},
				"down": {"uv": [8, 14, 9, 15], "texture": "#line", "tintindex": 0}
			}
		},
		{
			"from": [7, 3, 0],
			"to": [8, 4, 0.75],
			"rotation": {"angle": 0, "axis": "y", "origin": [15, 11, 8]},
			"faces": {
				"north": {"uv": [7, 12, 8, 13], "texture": "#line", "tintindex": 0},
				"east": {"uv": [7, 12, 8, 13], "texture": "#line", "tintindex": 0},
				"south": {"uv": [7, 12, 8, 13], "texture": "#line", "tintindex": 0},
				"west": {"uv": [7, 12, 8, 13], "texture": "#line", "tintindex": 0},
				"up": {"uv": [7, 12, 8, 13], "texture": "#line", "tintindex": 0},
				"down": {"uv": [7, 12, 8, 13], "texture": "#line", "tintindex": 0}
			}
		},
		{
			"from": [6, 4, 0],
			"to": [7, 5, 0.75],
			"rotation": {"angle": 0, "axis": "y", "origin": [14, 12, 8]},
			"faces": {
				"north": {"uv": [6, 11, 7, 12], "texture": "#line", "tintindex": 0},
				"east": {"uv": [6, 11, 7, 12], "texture": "#line", "tintindex": 0},
				"south": {"uv": [6, 11, 7, 12], "texture": "#line", "tintindex": 0},
				"west": {"uv": [6, 11, 7, 12], "texture": "#line", "tintindex": 0},
				"up": {"uv": [6, 11, 7, 12], "texture": "#line", "tintindex": 0},
				"down": {"uv": [6, 11, 7, 12], "texture": "#line", "tintindex": 0}
			}
		},
		{
			"from": [7, 5, 0],
			"to": [8, 7, 0.75],
			"rotation": {"angle": 0, "axis": "y", "origin": [15, 13, 8]},
			"faces": {
				"north": {"uv": [7, 9, 8, 11], "texture": "#line", "tintindex": 0},
				"east": {"uv": [7, 9, 8, 11], "texture": "#line", "tintindex": 0},
				"south": {"uv": [7, 9, 8, 11], "texture": "#line", "tintindex": 0},
				"west": {"uv": [7, 9, 8, 11], "texture": "#line", "tintindex": 0},
				"up": {"uv": [7, 9, 8, 10], "texture": "#line", "tintindex": 0},
				"down": {"uv": [7, 10, 8, 11], "texture": "#line", "tintindex": 0}
			}
		},
		{
			"from": [8, 5, 0],
			"to": [9, 6, 0.75],
			"rotation": {"angle": 0, "axis": "y", "origin": [16, 13, 8]},
			"faces": {
				"north": {"uv": [8, 10, 9, 11], "texture": "#line", "tintindex": 0},
				"east": {"uv": [8, 10, 9, 11], "texture": "#line", "tintindex": 0},
				"south": {"uv": [8, 10, 9, 11], "texture": "#line", "tintindex": 0},
				"west": {"uv": [8, 10, 9, 11], "texture": "#line", "tintindex": 0},
				"up": {"uv": [8, 10, 9, 11], "texture": "#line", "tintindex": 0},
				"down": {"uv": [8, 10, 9, 11], "texture": "#line", "tintindex": 0}
			}
		},
		{
			"from": [8, 7, 0],
			"to": [9, 8, 0.75],
			"rotation": {"angle": 0, "axis": "y", "origin": [16, 15, 8]},
			"faces": {
				"north": {"uv": [8, 8, 9, 9], "texture": "#line", "tintindex": 0},
				"east": {"uv": [8, 8, 9, 9], "texture": "#line", "tintindex": 0},
				"south": {"uv": [8, 8, 9, 9], "texture": "#line", "tintindex": 0},
				"west": {"uv": [8, 8, 9, 9], "texture": "#line", "tintindex": 0},
				"up": {"uv": [8, 8, 9, 9], "texture": "#line", "tintindex": 0},
				"down": {"uv": [8, 8, 9, 9], "texture": "#line", "tintindex": 0}
			}
		},
		{
			"from": [7, 8, 0],
			"to": [8, 9, 0.75],
			"rotation": {"angle": 0, "axis": "y", "origin": [15, 16, 8]},
			"faces": {
				"north": {"uv": [7, 7, 8, 8], "texture": "#line", "tintindex": 0},
				"east": {"uv": [7, 7, 8, 8], "texture": "#line", "tintindex": 0},
				"south": {"uv": [7, 7, 8, 8], "texture": "#line", "tintindex": 0},
				"west": {"uv": [7, 7, 8, 8], "texture": "#line", "tintindex": 0},
				"up": {"uv": [7, 7, 8, 8], "texture": "#line", "tintindex": 0},
				"down": {"uv": [7, 7, 8, 8], "texture": "#line", "tintindex": 0}
			}
		},
		{
			"from": [8, 9, 0],
			"to": [9, 10, 0.75],
			"rotation": {"angle": 0, "axis": "y", "origin": [16, 17, 8]},
			"faces": {
				"north": {"uv": [8, 6, 9, 7], "texture": "#line", "tintindex": 0},
				"east": {"uv": [8, 6, 9, 7], "texture": "#line", "tintindex": 0},
				"south": {"uv": [8, 6, 9, 7], "texture": "#line", "tintindex": 0},
				"west": {"uv": [8, 6, 9, 7], "texture": "#line", "tintindex": 0},
				"up": {"uv": [8, 6, 9, 7], "texture": "#line", "tintindex": 0},
				"down": {"uv": [8, 6, 9, 7], "texture": "#line", "tintindex": 0}
			}
		},
		{
			"from": [9, 9, 0],
			"to": [10, 12, 0.75],
			"rotation": {"angle": 0, "axis": "y", "origin": [17, 17, 8]},
			"faces": {
				"north": {"uv": [9, 4, 10, 7], "texture": "#line", "tintindex": 0},
				"east": {"uv": [9, 4, 10, 7], "texture": "#line", "tintindex": 0},
				"south": {"uv": [9, 4, 10, 7], "texture": "#line", "tintindex": 0},
				"west": {"uv": [9, 4, 10, 7], "texture": "#line", "tintindex": 0},
				"up": {"uv": [9, 5, 10, 6], "texture": "#line", "tintindex": 0},
				"down": {"uv": [9, 6, 10, 7], "texture": "#line", "tintindex": 0}
			}
		},
		{
			"from": [7, 11, 0],
			"to": [8, 13, 0.75],
			"rotation": {"angle": 0, "axis": "y", "origin": [15, 19, 8]},
			"faces": {
				"north": {"uv": [7, 3, 8, 5], "texture": "#line", "tintindex": 0},
				"east": {"uv": [7, 3, 8, 5], "texture": "#line", "tintindex": 0},
				"south": {"uv": [7, 3, 8, 5], "texture": "#line", "tintindex": 0},
				"west": {"uv": [7, 3, 8, 5], "texture": "#line", "tintindex": 0},
				"up": {"uv": [7, 3, 8, 4], "texture": "#line", "tintindex": 0},
				"down": {"uv": [7, 4, 8, 5], "texture": "#line", "tintindex": 0}
			}
		},
		{
			"from": [8, 12, 0],
			"to": [9, 14, 0.75],
			"rotation": {"angle": 0, "axis": "y", "origin": [16, 20, 8]},
			"faces": {
				"north": {"uv": [8, 2, 9, 4], "texture": "#line", "tintindex": 0},
				"east": {"uv": [8, 2, 9, 4], "texture": "#line", "tintindex": 0},
				"south": {"uv": [8, 2, 9, 4], "texture": "#line", "tintindex": 0},
				"west": {"uv": [8, 2, 9, 4], "texture": "#line", "tintindex": 0},
				"up": {"uv": [8, 2, 9, 3], "texture": "#line", "tintindex": 0},
				"down": {"uv": [8, 3, 9, 4], "texture": "#line", "tintindex": 0}
			}
		},
		{
			"from": [8, 15, 0],
			"to": [9, 16, 0.75],
			"rotation": {"angle": 0, "axis": "y", "origin": [16, 23, 8]},
			"faces": {
				"north": {"uv": [8, 0, 9, 1], "texture": "#line", "tintindex": 0},
				"east": {"uv": [8, 0, 9, 1], "texture": "#line", "tintindex": 0},
				"south": {"uv": [8, 0, 9, 1], "texture": "#line", "tintindex": 0},
				"west": {"uv": [8, 0, 9, 1], "texture": "#line", "tintindex": 0},
				"up": {"uv": [8, 0, 9, 1], "texture": "#line", "tintindex": 0},
				"down": {"uv": [8, 0, 9, 1], "texture": "#line", "tintindex": 0}
			}
		}
	]
}