{
	"credit": "Made with Blockbench",
	"textures": {
		"0": "block/jungle_door_top",
		"1": "block/jungle_door_top_inverted",
		"particle": "block/jungle_door_top"
	},
	"elements": [
		{
			"from": [0, 0, 0],
			"to": [3, 4, 16],
			"faces": {
				"north": {"uv": [15, 12, 16, 16], "texture": "#1"},
				"east": {"uv": [0, 12, 16, 16], "texture": "#1"},
				"south": {"uv": [0, 12, 1, 16], "texture": "#1"},
				"west": {"uv": [0, 12, 16, 16], "texture": "#0"},
				"up": {"uv": [0, 12, 16, 13], "rotation": 270, "texture": "#1"}
			}
		},
		{
			"from": [0, 4, 0],
			"to": [3, 5, 7],
			"rotation": {"angle": 0, "axis": "y", "origin": [8, 12, 8]},
			"faces": {
				"north": {"uv": [15, 11, 16, 12], "texture": "#1"},
				"east": {"uv": [9, 11, 16, 12], "texture": "#1"},
				"south": {"uv": [9, 11, 10, 12], "texture": "#1"},
				"west": {"uv": [0, 11, 7, 12], "texture": "#0"},
				"up": {"uv": [9, 11, 16, 12], "rotation": 270, "texture": "#1"}
			}
		},
		{
			"from": [0, 5, 0],
			"to": [3, 6, 6],
			"rotation": {"angle": 0, "axis": "y", "origin": [8, 13, 8]},
			"faces": {
				"north": {"uv": [15, 10, 16, 11], "texture": "#1"},
				"east": {"uv": [10, 10, 16, 11], "texture": "#1"},
				"south": {"uv": [10, 10, 11, 11], "texture": "#1"},
				"west": {"uv": [0, 10, 6, 11], "texture": "#0"}
			}
		},
		{
			"from": [0, 5, 10],
			"to": [3, 6, 16],
			"rotation": {"angle": 0, "axis": "y", "origin": [8, 13, 18]},
			"faces": {
				"north": {"uv": [5, 10, 6, 11], "texture": "#1"},
				"east": {"uv": [0, 10, 6, 11], "texture": "#1"},
				"south": {"uv": [0, 10, 1, 11], "texture": "#1"},
				"west": {"uv": [10, 10, 16, 11], "texture": "#0"}
			}
		},
		{
			"from": [0, 4, 9],
			"to": [3, 5, 16],
			"rotation": {"angle": 0, "axis": "y", "origin": [8, 12, 17]},
			"faces": {
				"north": {"uv": [6, 11, 7, 12], "texture": "#1"},
				"east": {"uv": [0, 11, 7, 12], "texture": "#1"},
				"south": {"uv": [0, 11, 1, 12], "texture": "#1"},
				"west": {"uv": [9, 11, 16, 12], "texture": "#0"},
				"up": {"uv": [0, 11, 7, 12], "rotation": 270, "texture": "#1"}
			}
		},
		{
			"from": [0, 6, 0],
			"to": [3, 8, 16],
			"rotation": {"angle": 0, "axis": "y", "origin": [8, 14, 8]},
			"faces": {
				"north": {"uv": [15, 8, 16, 10], "texture": "#1"},
				"east": {"uv": [0, 8, 16, 10], "texture": "#1"},
				"south": {"uv": [0, 8, 1, 10], "texture": "#1"},
				"west": {"uv": [0, 8, 16, 10], "texture": "#0"},
				"up": {"uv": [0, 8, 16, 9], "rotation": 270, "texture": "#1"},
				"down": {"uv": [0, 9, 16, 10], "rotation": 90, "texture": "#1"}
			}
		},
		{
			"from": [0, 8, 0],
			"to": [3, 16, 4],
			"rotation": {"angle": 0, "axis": "y", "origin": [8, 16, 8]},
			"faces": {
				"north": {"uv": [15, 0, 16, 8], "texture": "#1"},
				"east": {"uv": [12, 0, 16, 8], "texture": "#1"},
				"south": {"uv": [12, 0, 13, 8], "texture": "#1"},
				"west": {"uv": [0, 0, 4, 8], "texture": "#0"},
				"up": {"uv": [12, 0, 16, 1], "rotation": 270, "texture": "#1"}
			}
		},
		{
			"from": [0, 8, 12],
			"to": [3, 16, 16],
			"rotation": {"angle": 0, "axis": "y", "origin": [8, 16, 20]},
			"faces": {
				"north": {"uv": [3, 0, 4, 8], "texture": "#1"},
				"east": {"uv": [0, 0, 4, 8], "texture": "#1"},
				"south": {"uv": [0, 0, 1, 8], "texture": "#1"},
				"west": {"uv": [12, 0, 16, 8], "texture": "#0"},
				"up": {"uv": [0, 0, 4, 1], "rotation": 270, "texture": "#1"}
			}
		},
		{
			"from": [0, 13, 4],
			"to": [3, 16, 12],
			"rotation": {"angle": 0, "axis": "y", "origin": [8, 21, 12]},
			"faces": {
				"east": {"uv": [4, 0, 12, 3], "texture": "#1"},
				"west": {"uv": [4, 0, 12, 3], "texture": "#0"},
				"up": {"uv": [4, 0, 12, 1], "rotation": 270, "texture": "#1"},
				"down": {"uv": [4, 2, 12, 3], "rotation": 270, "texture": "#1"}
			}
		},
		{
			"from": [0, 8, 6],
			"to": [3, 13, 7],
			"rotation": {"angle": 0, "axis": "y", "origin": [8, 16, 14]},
			"faces": {
				"north": {"uv": [9, 3, 10, 8], "texture": "#1"},
				"east": {"uv": [9, 3, 10, 8], "texture": "#1"},
				"south": {"uv": [9, 3, 10, 8], "texture": "#1"},
				"west": {"uv": [6, 3, 7, 8], "texture": "#0"}
			}
		},
		{
			"from": [0, 8, 9],
			"to": [3, 13, 10],
			"rotation": {"angle": 0, "axis": "y", "origin": [8, 16, 17]},
			"faces": {
				"north": {"uv": [9, 3, 10, 8], "texture": "#1"},
				"east": {"uv": [6, 3, 7, 8], "texture": "#1"},
				"south": {"uv": [9, 3, 10, 8], "texture": "#1"},
				"west": {"uv": [9, 3, 10, 8], "texture": "#0"}
			}
		},
		{
			"from": [0, 11, 4],
			"to": [3, 13, 5],
			"rotation": {"angle": 0, "axis": "y", "origin": [8, 19, 12]},
			"faces": {
				"east": {"uv": [11, 3, 12, 5], "texture": "#1"},
				"south": {"uv": [11, 3, 12, 5], "texture": "#1"},
				"west": {"uv": [4, 3, 5, 5], "texture": "#0"},
				"down": {"uv": [11, 4, 12, 5], "texture": "#1"}
			}
		},
		{
			"from": [0, 11, 11],
			"to": [3, 13, 12],
			"rotation": {"angle": 0, "axis": "y", "origin": [8, 19, 19]},
			"faces": {
				"north": {"uv": [4, 3, 5, 5], "texture": "#1"},
				"east": {"uv": [4, 3, 5, 5], "texture": "#1"},
				"west": {"uv": [11, 3, 12, 5], "texture": "#0"},
				"down": {"uv": [4, 4, 5, 5], "texture": "#1"}
			}
		},
		{
			"from": [0, 12, 5],
			"to": [3, 13, 6],
			"rotation": {"angle": 0, "axis": "y", "origin": [8, 20, 13]},
			"faces": {
				"east": {"uv": [10, 3, 11, 4], "texture": "#1"},
				"west": {"uv": [5, 3, 6, 4], "texture": "#0"},
				"down": {"uv": [10, 3, 11, 4], "texture": "#1"}
			}
		},
		{
			"from": [0, 12, 10],
			"to": [3, 13, 11],
			"rotation": {"angle": 0, "axis": "y", "origin": [8, 20, 18]},
			"faces": {
				"east": {"uv": [5, 3, 6, 4], "texture": "#1"},
				"west": {"uv": [10, 3, 11, 4], "texture": "#0"},
				"down": {"uv": [5, 3, 6, 4], "texture": "#1"}
			}
		},
		{
			"from": [3, 0, 11],
			"to": [3.5, 1, 12],
			"rotation": {"angle": 0, "axis": "y", "origin": [11, 8, 19]},
			"faces": {
				"north": {"uv": [4, 15, 5, 16], "texture": "#1"},
				"east": {"uv": [4, 15, 5, 16], "texture": "#1"},
				"south": {"uv": [4, 15, 5, 16], "texture": "#1"},
				"up": {"uv": [4, 15, 5, 16], "texture": "#1"},
				"down": {"uv": [4, 15, 5, 16], "texture": "#1"}
			}
		},
		{
			"from": [3, 1, 11],
			"to": [3.5, 2, 14],
			"rotation": {"angle": 0, "axis": "y", "origin": [11, 9, 19]},
			"faces": {
				"north": {"uv": [4, 14, 5, 15], "texture": "#1"},
				"east": {"uv": [2, 14, 5, 15], "texture": "#1"},
				"south": {"uv": [2, 14, 3, 15], "texture": "#1"},
				"up": {"uv": [2, 14, 5, 15], "rotation": 270, "texture": "#1"},
				"down": {"uv": [2, 14, 5, 15], "rotation": 90, "texture": "#1"}
			}
		},
		{
			"from": [-0.5, 0, 11],
			"to": [0, 1, 12],
			"rotation": {"angle": 0, "axis": "y", "origin": [4, 8, 19]},
			"faces": {
				"north": {"uv": [11, 15, 12, 16], "texture": "#0"},
				"south": {"uv": [11, 15, 12, 16], "texture": "#0"},
				"west": {"uv": [11, 15, 12, 16], "texture": "#0"},
				"up": {"uv": [11, 15, 12, 16], "texture": "#0"},
				"down": {"uv": [11, 15, 12, 16], "texture": "#0"}
			}
		},
		{
			"from": [-0.5, 1, 11],
			"to": [0, 2, 14],
			"rotation": {"angle": 0, "axis": "y", "origin": [7, 9, 19]},
			"faces": {
				"north": {"uv": [11, 14, 12, 15], "texture": "#0"},
				"south": {"uv": [13, 14, 14, 15], "texture": "#0"},
				"west": {"uv": [11, 14, 14, 15], "texture": "#0"},
				"up": {"uv": [11, 14, 14, 15], "rotation": 90, "texture": "#0"},
				"down": {"uv": [11, 14, 14, 15], "rotation": 270, "texture": "#0"}
			}
		}
	]
}