{
	"credit": "Made with Blockbench",
	"ambientocclusion": false,
	"parent": "minecraft:block/template_orientable_trapdoor_bottom",
	"textures": {
		"0": "block/acacia_trapdoor",
		"1": "block/acacia_trapdoor_inverted",
		"particle": "block/acacia_trapdoor"
	},
	"elements": [
		{
			"from": [0, 0, 0],
			"to": [16, 3, 3],
			"faces": {
				"north": {"uv": [0, 0, 16, 1], "texture": "#0"},
				"east": {"uv": [0, 13, 1, 16], "texture": "#0"},
				"south": {"uv": [0, 13, 16, 14], "rotation": 180, "texture": "#0"},
				"west": {"uv": [15, 13, 16, 16], "texture": "#0"},
				"up": {"uv": [0, 13, 16, 16], "rotation": 180, "texture": "#0"},
				"down": {"uv": [0, 13, 16, 16], "texture": "#1"}
			}
		},
		{
			"from": [0, 0, 13],
			"to": [16, 3, 16],
			"faces": {
				"north": {"uv": [0, 2, 16, 3], "texture": "#0"},
				"east": {"uv": [0, 0, 1, 3], "texture": "#0"},
				"south": {"uv": [0, 0, 16, 1], "texture": "#0"},
				"west": {"uv": [15, 0, 16, 3], "texture": "#0"},
				"up": {"uv": [0, 0, 16, 3], "rotation": 180, "texture": "#0"},
				"down": {"uv": [0, 0, 16, 3], "texture": "#1"}
			}
		},
		{
			"from": [0, 0, 3],
			"to": [2, 3, 13],
			"faces": {
				"east": {"uv": [15, 3, 16, 13], "rotation": 90, "texture": "#0"},
				"west": {"uv": [15, 3, 16, 13], "rotation": 90, "texture": "#0"},
				"up": {"uv": [14, 3, 16, 13], "rotation": 180, "texture": "#0"},
				"down": {"uv": [0, 3, 2, 13], "texture": "#1"}
			}
		},
		{
			"from": [14, 0, 3],
			"to": [16, 3, 13],
			"faces": {
				"east": {"uv": [0, 3, 1, 13], "texture": "#0"},
				"west": {"uv": [1, 3, 2, 13], "rotation": 90, "texture": "#0"},
				"up": {"uv": [0, 3, 2, 13], "rotation": 180, "texture": "#0"},
				"down": {"uv": [14, 3, 16, 13], "texture": "#1"}
			}
		},
		{
			"from": [4, 0, 3],
			"to": [7, 3, 13],
			"faces": {
				"east": {"uv": [9, 3, 10, 13], "rotation": 90, "texture": "#0"},
				"west": {"uv": [11, 3, 12, 13], "rotation": 90, "texture": "#0"},
				"up": {"uv": [9, 3, 12, 13], "rotation": 180, "texture": "#0"},
				"down": {"uv": [4, 3, 7, 13], "texture": "#1"}
			}
		},
		{
			"from": [9, 0, 3],
			"to": [12, 3, 13],
			"faces": {
				"east": {"uv": [4, 3, 5, 13], "rotation": 90, "texture": "#0"},
				"west": {"uv": [6, 3, 7, 13], "rotation": 90, "texture": "#0"},
				"up": {"uv": [4, 3, 7, 13], "rotation": 180, "texture": "#0"},
				"down": {"uv": [9, 3, 12, 13], "texture": "#1"}
			}
		},
		{
			"from": [5, 3, 0],
			"to": [11, 3.5, 2],
			"faces": {
				"north": {"uv": [5, 15, 11, 16], "texture": "#0"},
				"east": {"uv": [5, 14, 6, 16], "rotation": 270, "texture": "#0"},
				"south": {"uv": [5, 14, 11, 15], "texture": "#0"},
				"west": {"uv": [10, 14, 11, 16], "rotation": 90, "texture": "#0"},
				"up": {"uv": [5, 14, 11, 16], "rotation": 180, "texture": "#0"}
			}
		},
		{
			"from": [5, -0.5, 0],
			"to": [11, 0, 2],
			"faces": {
				"north": {"uv": [5, 15, 11, 16], "texture": "#0"},
				"east": {"uv": [10, 14, 11, 16], "rotation": 270, "texture": "#1"},
				"south": {"uv": [5, 14, 11, 15], "texture": "#1"},
				"west": {"uv": [5, 14, 6, 16], "rotation": 90, "texture": "#1"},
				"down": {"uv": [5, 14, 11, 16], "texture": "#1"}
			}
		}
	]
}