{
  "parent": "minecraft:item/generated",
  "textures": {
    "layer0": "minecraft:item/diamond"
  },
  "overrides":[
    {"predicate": {"custom_model_data": 1}, "model": "item/case_1"},
    {"predicate": {"custom_model_data": 2}, "model": "item/case_1_silver"},
    {"predicate": {"custom_model_data": 3}, "model": "item/case_2"},
    {"predicate": {"custom_model_data": 4}, "model": "item/case_2_silver"},
    {"predicate": {"custom_model_data": 5}, "model": "item/laptop_1"},
    {"predicate": {"custom_model_data": 6}, "model": "item/laptop_1_silver"},
    {"predicate": {"custom_model_data": 7}, "model": "item/laptop_2"},
    {"predicate": {"custom_model_data": 8}, "model": "item/laptop_2_silver"},
    {"predicate": {"custom_model_data": 9}, "model": "item/modem_1"},
    {"predicate": {"custom_model_data": 10}, "model": "item/modem_1_silver"},
    {"predicate": {"custom_model_data": 11}, "model": "item/modem_2"},
    {"predicate": {"custom_model_data": 12}, "model": "item/modem_2_silver"},
	{"predicate": {"custom_model_data": 13}, "model": "item/server_1"},
    {"predicate": {"custom_model_data": 14}, "model": "item/server_1_silver"},
    {"predicate": {"custom_model_data": 15}, "model": "item/server_2"},
    {"predicate": {"custom_model_data": 16}, "model": "item/server_2_silver"}
  ]
}