{
	"credit": "Made with Blockbench",
	"textures": {
		"0": "item/modem_2_antenna",
		"1": "item/modem_2_back",
		"2": "item/modem_2",
		"particle": "item/modem_2_antenna"
	},
	"elements": [
		{
			"from": [2, 0.25, 4],
			"to": [14, 1, 12],
			"rotation": {"angle": 0, "axis": "y", "origin": [9, 8, 12]},
			"faces": {
				"north": {"uv": [0, 0, 14, 0.75], "texture": "#1"},
				"east": {"uv": [0, 0, 6, 0.75], "texture": "#1"},
				"south": {"uv": [0, 0, 14, 0.75], "texture": "#1"},
				"west": {"uv": [0, 0, 6, 0.75], "texture": "#1"},
				"up": {"uv": [0, 4.06723, 16, 8.36975], "rotation": 180, "texture": "#1"},
				"down": {"uv": [0, 0, 14, 6], "texture": "#1"}
			}
		},
		{
			"from": [3, 1, 5],
			"to": [13, 1.25, 11],
			"rotation": {"angle": 0, "axis": "y", "origin": [10, 9, 13]},
			"faces": {
				"north": {"uv": [0, 0, 10, 0.25], "texture": "#1"},
				"east": {"uv": [0, 0, 6, 0.25], "texture": "#1"},
				"south": {"uv": [0, 0, 10, 0.25], "texture": "#1"},
				"west": {"uv": [0, 0, 6, 0.25], "texture": "#1"},
				"up": {"uv": [0, 0, 15.84, 9.44], "rotation": 180, "texture": "#2"}
			}
		},
		{
			"from": [3, 0, 5],
			"to": [3.25, 0.25, 6],
			"rotation": {"angle": 0, "axis": "y", "origin": [11, 8, 13]},
			"faces": {
				"north": {"uv": [0, 0, 0.25, 0.25], "texture": "#1"},
				"east": {"uv": [0, 0, 1, 0.25], "texture": "#1"},
				"south": {"uv": [0, 0, 0.25, 0.25], "texture": "#1"},
				"west": {"uv": [0, 0, 1, 0.25], "texture": "#1"},
				"down": {"uv": [0, 0, 0.25, 1], "texture": "#1"}
			}
		},
		{
			"from": [3, 0, 10],
			"to": [3.25, 0.25, 11],
			"rotation": {"angle": 0, "axis": "y", "origin": [11, 8, 18]},
			"faces": {
				"north": {"uv": [0, 0, 0.25, 0.25], "texture": "#1"},
				"east": {"uv": [0, 0, 1, 0.25], "texture": "#1"},
				"south": {"uv": [0, 0, 0.25, 0.25], "texture": "#1"},
				"west": {"uv": [0, 0, 1, 0.25], "texture": "#1"},
				"down": {"uv": [0, 0, 0.25, 1], "texture": "#1"}
			}
		},
		{
			"from": [12.75, 0, 10],
			"to": [13, 0.25, 11],
			"rotation": {"angle": 0, "axis": "y", "origin": [21, 8, 18]},
			"faces": {
				"north": {"uv": [0, 0, 0.25, 0.25], "texture": "#1"},
				"east": {"uv": [0, 0, 1, 0.25], "texture": "#1"},
				"south": {"uv": [0, 0, 0.25, 0.25], "texture": "#1"},
				"west": {"uv": [0, 0, 1, 0.25], "texture": "#1"},
				"down": {"uv": [0, 0, 0.25, 1], "texture": "#1"}
			}
		},
		{
			"from": [12.75, 0, 5],
			"to": [13, 0.25, 6],
			"rotation": {"angle": 0, "axis": "y", "origin": [21, 8, 13]},
			"faces": {
				"north": {"uv": [0, 0, 0.25, 0.25], "texture": "#1"},
				"east": {"uv": [0, 0, 1, 0.25], "texture": "#1"},
				"south": {"uv": [0, 0, 0.25, 0.25], "texture": "#1"},
				"west": {"uv": [0, 0, 1, 0.25], "texture": "#1"},
				"down": {"uv": [0, 0, 0.25, 1], "texture": "#1"}
			}
		},
		{
			"from": [4, 0.25, 12],
			"to": [4.75, 1, 12.75],
			"rotation": {"angle": 0, "axis": "y", "origin": [12, 8, 20]},
			"faces": {
				"east": {"uv": [0, 0, 0.75, 0.75], "texture": "#1"},
				"south": {"uv": [0, 0, 0.75, 0.75], "texture": "#1"},
				"west": {"uv": [0, 0, 0.75, 0.75], "texture": "#1"},
				"up": {"uv": [0, 0, 0.75, 0.75], "texture": "#1"},
				"down": {"uv": [0, 0, 0.75, 0.75], "texture": "#1"}
			}
		},
		{
			"from": [11.25, 0.25, 12],
			"to": [12, 1, 12.75],
			"rotation": {"angle": 0, "axis": "y", "origin": [19, 8, 20]},
			"faces": {
				"east": {"uv": [0, 0, 0.75, 0.75], "texture": "#1"},
				"south": {"uv": [0, 0, 0.75, 0.75], "texture": "#1"},
				"west": {"uv": [0, 0, 0.75, 0.75], "texture": "#1"},
				"up": {"uv": [0, 0, 0.75, 0.75], "texture": "#1"},
				"down": {"uv": [0, 0, 0.75, 0.75], "texture": "#1"}
			}
		},
		{
			"from": [3.75, 1, 12.5],
			"to": [5, 7, 12.75],
			"rotation": {"angle": 0, "axis": "y", "origin": [12, 9, 21]},
			"faces": {
				"north": {"uv": [0, 0, 1.25, 6], "texture": "#0"},
				"east": {"uv": [0, 0, 0.25, 6], "texture": "#0"},
				"south": {"uv": [0, 0, 1.25, 6], "texture": "#0"},
				"west": {"uv": [0, 0, 0.25, 6], "texture": "#0"},
				"up": {"uv": [0, 0, 1.25, 0.25], "texture": "#0"},
				"down": {"uv": [0, 14, 2, 14], "texture": "#0"}
			}
		},
		{
			"from": [11, 1, 12.5],
			"to": [12.25, 7, 12.75],
			"rotation": {"angle": 0, "axis": "y", "origin": [19, 9, 21]},
			"faces": {
				"north": {"uv": [0, 0, 1.25, 6], "texture": "#0"},
				"east": {"uv": [0, 0, 0.25, 6], "texture": "#0"},
				"south": {"uv": [0, 0, 1.25, 6], "texture": "#0"},
				"west": {"uv": [0, 0, 0.25, 6], "texture": "#0"},
				"up": {"uv": [0, 0, 1.25, 0.25], "texture": "#0"},
				"down": {"uv": [0, 14, 2, 14], "texture": "#0"}
			}
		}
	],
	"display": {
		"thirdperson_righthand": {
			"translation": [0, 4, 1.75],
			"scale": [0.5, 0.5, 0.5]
		},
		"thirdperson_lefthand": {
			"translation": [0, 4, 1.75],
			"scale": [0.5, 0.5, 0.5]
		},
		"firstperson_righthand": {
			"rotation": [0, -180, 0],
			"translation": [0, 0, -9.75]
		},
		"firstperson_lefthand": {
			"rotation": [0, -180, 0],
			"translation": [0, 0, -9.75]
		},
		"ground": {
			"translation": [0, 4.75, 0]
		},
		"gui": {
			"rotation": [0, -180, 0],
			"scale": [0.8, 0.8, 0.8]
		},
		"fixed": {
			"rotation": [-90, 0, 0],
			"translation": [0, 0, -11],
			"scale": [1.4, 1.4, 1.4]
		}
	}
}