{
	"credit": "Made with Blockbench",
	"textures": {
		"0": "item/screen_2",
		"1": "item/monitor_2_silver",
		"2": "item/monitor_2_silver_back",
		"3": "item/monitor_2_silver_a",
		"particle": "item/screen_2"
	},
	"elements": [
		{
			"from": [-1, 3, 11],
			"to": [0, 15, 12],
			"rotation": {"angle": 0, "axis": "x", "origin": [9, 9, 12]},
			"faces": {
				"north": {"uv": [15.11111, 2.66667, 16, 13.33333], "texture": "#1"},
				"east": {"uv": [15.11111, 2.66667, 15.55556, 13.33333], "texture": "#1"},
				"south": {"uv": [0, 2.66667, 0.88889, 13.33333], "texture": "#2"},
				"west": {"uv": [15.55556, 2.66667, 16, 13.33333], "texture": "#1"},
				"up": {"uv": [15.11111, 2.66667, 16, 3.11111], "texture": "#1"},
				"down": {"uv": [15.11111, 12.88889, 16, 13.33333], "texture": "#1"}
			}
		},
		{
			"from": [16, 3, 11],
			"to": [17, 15, 12],
			"rotation": {"angle": 0, "axis": "x", "origin": [9, 9, 12]},
			"faces": {
				"north": {"uv": [0, 2.66667, 0.88889, 13.33333], "texture": "#1"},
				"east": {"uv": [0, 2.66667, 0.44444, 13.33333], "texture": "#1"},
				"south": {"uv": [15.11111, 2.66667, 16, 13.33333], "texture": "#2"},
				"west": {"uv": [0.44444, 2.66667, 0.88889, 13.33333], "texture": "#1"},
				"up": {"uv": [0, 2.66667, 0.88889, 3.11111], "texture": "#1"},
				"down": {"uv": [0, 12.88889, 0.88889, 13.33333], "texture": "#1"}
			}
		},
		{
			"from": [0, 3, 11],
			"to": [16, 5, 12],
			"rotation": {"angle": 0, "axis": "x", "origin": [9, 9, 12]},
			"faces": {
				"north": {"uv": [0.88889, 11.55556, 15.11111, 13.33333], "texture": "#1"},
				"south": {"uv": [0.88889, 11.55556, 15.11111, 12.88889], "texture": "#2"},
				"up": {"uv": [0.88889, 11.55556, 15.11111, 12], "texture": "#1"},
				"down": {"uv": [0.88889, 12.88889, 15.11111, 13.33333], "texture": "#1"}
			}
		},
		{
			"from": [0, 14, 11],
			"to": [16, 15, 12],
			"rotation": {"angle": 0, "axis": "x", "origin": [9, 9, 12]},
			"faces": {
				"north": {"uv": [0.88889, 2.66667, 15.11111, 3.55556], "texture": "#1"},
				"south": {"uv": [0.88889, 2.66667, 15.11111, 3.55556], "texture": "#2"},
				"up": {"uv": [0.88889, 2.66667, 15.11111, 3.11111], "texture": "#1"},
				"down": {"uv": [0.88889, 3.11111, 15.11111, 3.55556], "texture": "#1"}
			}
		},
		{
			"from": [0, 5, 11.5],
			"to": [16, 14, 12],
			"rotation": {"angle": 0, "axis": "x", "origin": [9, 9, 12]},
			"faces": {
				"north": {"uv": [0.04167, 3.5, 16, 12.5], "texture": "#0"},
				"south": {"uv": [0.88889, 3.55556, 15.11111, 11.55556], "texture": "#2"}
			}
		},
		{
			"from": [7, 0, 12],
			"to": [9, 10, 13],
			"rotation": {"angle": 0, "axis": "y", "origin": [15, 8, 20]},
			"faces": {
				"north": {"uv": [0, 0, 2, 10], "texture": "#3"},
				"east": {"uv": [1, 0, 2, 10], "texture": "#3"},
				"south": {"uv": [0, 0, 2, 10], "texture": "#3"},
				"west": {"uv": [0, 0, 1, 10], "texture": "#3"},
				"up": {"uv": [0, 0, 2, 1], "texture": "#3"},
				"down": {"uv": [0, 9, 2, 10], "texture": "#3"}
			}
		},
		{
			"from": [9, 0, 12],
			"to": [15, 1, 13],
			"rotation": {"angle": 22.5, "axis": "y", "origin": [9, 1, 13]},
			"faces": {
				"north": {"uv": [3, 0, 4, 6], "rotation": 90, "texture": "#3"},
				"east": {"uv": [3, 5, 4, 6], "rotation": 90, "texture": "#3"},
				"south": {"uv": [3, 0, 4, 6], "rotation": 90, "texture": "#3"},
				"up": {"uv": [3, 0, 4, 6], "rotation": 90, "texture": "#3"},
				"down": {"uv": [3, 0, 4, 6], "rotation": 90, "texture": "#3"}
			}
		},
		{
			"from": [1, 0, 12],
			"to": [7, 1, 13],
			"rotation": {"angle": -22.5, "axis": "y", "origin": [7, 1, 13]},
			"faces": {
				"north": {"uv": [5, 0, 6, 6], "rotation": 90, "texture": "#3"},
				"south": {"uv": [5, 0, 6, 6], "rotation": 90, "texture": "#3"},
				"west": {"uv": [5, 0, 6, 1], "rotation": 90, "texture": "#3"},
				"up": {"uv": [5, 0, 6, 6], "rotation": 90, "texture": "#3"},
				"down": {"uv": [5, 0, 6, 6], "rotation": 90, "texture": "#3"}
			}
		}
	],
	"display": {
		"thirdperson_righthand": {
			"translation": [0, 4, 1.75],
			"scale": [0.5, 0.5, 0.5]
		},
		"thirdperson_lefthand": {
			"translation": [0, 4, 1.75],
			"scale": [0.5, 0.5, 0.5]
		},
		"firstperson_righthand": {
			"rotation": [0, -180, 0],
			"translation": [0, 0, -9.75]
		},
		"firstperson_lefthand": {
			"rotation": [0, -180, 0],
			"translation": [0, 0, -9.75]
		},
		"ground": {
			"translation": [0, 4.75, 0]
		},
		"gui": {
			"rotation": [0, -180, 0],
			"scale": [0.8, 0.8, 0.8]
		},
		"fixed": {
			"rotation": [-90, 0, 0],
			"translation": [0, 0, -11],
			"scale": [1.4, 1.4, 1.4]
		}
	}
}