{
	"credit": "Made with Blockbench",
	"ambientocclusion": false,
	"textures": {
		"0": "item/server_2_back",
		"1": "item/server_2_a",
		"3": "item/server_2",
		"particle": "item/server_2_back"
	},
	"elements": [
		{
			"from": [1, 0, 1],
			"to": [15, 1, 15],
			"rotation": {"angle": 0, "axis": "y", "origin": [8, 8, 9]},
			"faces": {
				"north": {"uv": [0, 0, 14, 1], "texture": "#0"},
				"east": {"uv": [0, 0, 14, 1], "texture": "#0"},
				"south": {"uv": [0, 0, 14, 1], "texture": "#0"},
				"west": {"uv": [0, 0, 14, 1], "texture": "#0"},
				"down": {"uv": [0, 0, 7, 6.5], "texture": "#0"}
			}
		},
		{
			"from": [0, 1, 0],
			"to": [16, 2, 16],
			"rotation": {"angle": 0, "axis": "y", "origin": [8, 9, 9]},
			"faces": {
				"north": {"uv": [0, 0, 16, 1], "texture": "#0"},
				"east": {"uv": [0, 0, 16, 1], "texture": "#0"},
				"south": {"uv": [0, 0, 16, 1], "texture": "#0"},
				"west": {"uv": [0, 0, 16, 1], "texture": "#0"},
				"up": {"uv": [0, 0, 8, 8], "texture": "#0"},
				"down": {"uv": [0, 0, 8, 8], "texture": "#0"}
			}
		},
		{
			"from": [0, 31, 0],
			"to": [16, 32, 16],
			"rotation": {"angle": 0, "axis": "y", "origin": [8, 39, 9]},
			"faces": {
				"north": {"uv": [0, 0, 16, 1], "texture": "#0"},
				"east": {"uv": [0, 0, 16, 1], "texture": "#0"},
				"south": {"uv": [0, 0, 16, 1], "texture": "#0"},
				"west": {"uv": [0, 0, 16, 1], "texture": "#0"},
				"up": {"uv": [0, 0, 8, 7.5], "texture": "#0"},
				"down": {"uv": [0, 0, 8, 8], "texture": "#0"}
			}
		},
		{
			"from": [0, 2, 0],
			"to": [1, 31, 16],
			"rotation": {"angle": 0, "axis": "y", "origin": [8, 10, 8]},
			"faces": {
				"north": {"uv": [0, 0, 1, 16], "texture": "#0"},
				"east": {"uv": [0, 0, 8, 16], "texture": "#0"},
				"south": {"uv": [0, 0, 1, 16], "texture": "#0"},
				"west": {"uv": [8, 0, 16, 16], "texture": "#0"}
			}
		},
		{
			"from": [15, 2, 0],
			"to": [16, 31, 16],
			"rotation": {"angle": 0, "axis": "y", "origin": [23, 10, 8]},
			"faces": {
				"north": {"uv": [0, 0, 1, 16], "texture": "#0"},
				"east": {"uv": [8, 0, 16, 16], "texture": "#0"},
				"south": {"uv": [0, 0, 1, 16], "texture": "#0"},
				"west": {"uv": [0, 0, 8, 16], "texture": "#0"}
			}
		},
		{
			"from": [1, 2, 15],
			"to": [15, 31, 16],
			"rotation": {"angle": 0, "axis": "y", "origin": [9, 10, 23]},
			"faces": {
				"north": {"uv": [0, 0, 8, 16], "texture": "#0"},
				"south": {"uv": [0, 0, 7, 16], "texture": "#0"}
			}
		},
		{
			"from": [12, 3, 1],
			"to": [13, 4, 15],
			"rotation": {"angle": 0, "axis": "y", "origin": [20, 11, 9]},
			"faces": {
				"north": {"uv": [0, 0, 1, 1], "texture": "#1"},
				"east": {"uv": [0, 0, 14, 1], "texture": "#1"},
				"west": {"uv": [0, 0, 14, 1], "texture": "#1"},
				"up": {"uv": [0, 0, 1, 14], "texture": "#1"},
				"down": {"uv": [0, 0, 1, 14], "texture": "#1"}
			}
		},
		{
			"from": [12, 10, 1],
			"to": [13, 11, 15],
			"rotation": {"angle": 0, "axis": "y", "origin": [20, 18, 9]},
			"faces": {
				"north": {"uv": [0, 0, 1, 1], "texture": "#1"},
				"east": {"uv": [0, 0, 14, 1], "texture": "#1"},
				"west": {"uv": [0, 0, 14, 1], "texture": "#1"},
				"up": {"uv": [0, 0, 1, 14], "texture": "#1"},
				"down": {"uv": [0, 0, 1, 14], "texture": "#1"}
			}
		},
		{
			"from": [12, 17, 1],
			"to": [13, 18, 15],
			"rotation": {"angle": 0, "axis": "y", "origin": [20, 25, 9]},
			"faces": {
				"north": {"uv": [0, 0, 1, 1], "texture": "#1"},
				"east": {"uv": [0, 0, 14, 1], "texture": "#1"},
				"west": {"uv": [0, 0, 14, 1], "texture": "#1"},
				"up": {"uv": [0, 0, 1, 14], "texture": "#1"},
				"down": {"uv": [0, 0, 1, 14], "texture": "#1"}
			}
		},
		{
			"from": [12, 24, 1],
			"to": [13, 25, 15],
			"rotation": {"angle": 0, "axis": "y", "origin": [20, 32, 9]},
			"faces": {
				"north": {"uv": [0, 0, 1, 1], "texture": "#1"},
				"east": {"uv": [0, 0, 14, 1], "texture": "#1"},
				"west": {"uv": [0, 0, 14, 1], "texture": "#1"},
				"up": {"uv": [0, 0, 1, 14], "texture": "#1"},
				"down": {"uv": [0, 0, 1, 14], "texture": "#1"}
			}
		},
		{
			"from": [3, 3, 1],
			"to": [4, 4, 15],
			"rotation": {"angle": 0, "axis": "y", "origin": [11, 11, 9]},
			"faces": {
				"north": {"uv": [0, 0, 1, 1], "texture": "#1"},
				"east": {"uv": [0, 0, 14, 1], "texture": "#1"},
				"west": {"uv": [0, 0, 14, 1], "texture": "#1"},
				"up": {"uv": [0, 0, 1, 14], "texture": "#1"},
				"down": {"uv": [0, 0, 1, 14], "texture": "#1"}
			}
		},
		{
			"from": [3, 10, 1],
			"to": [4, 11, 15],
			"rotation": {"angle": 0, "axis": "y", "origin": [11, 18, 9]},
			"faces": {
				"north": {"uv": [0, 0, 1, 1], "texture": "#1"},
				"east": {"uv": [0, 0, 14, 1], "texture": "#1"},
				"west": {"uv": [0, 0, 14, 1], "texture": "#1"},
				"up": {"uv": [0, 0, 1, 14], "texture": "#1"},
				"down": {"uv": [0, 0, 1, 14], "texture": "#1"}
			}
		},
		{
			"from": [3, 17, 1],
			"to": [4, 18, 15],
			"rotation": {"angle": 0, "axis": "y", "origin": [11, 25, 9]},
			"faces": {
				"north": {"uv": [0, 0, 1, 1], "texture": "#1"},
				"east": {"uv": [0, 0, 14, 1], "texture": "#1"},
				"west": {"uv": [0, 0, 14, 1], "texture": "#1"},
				"up": {"uv": [0, 0, 1, 14], "texture": "#1"},
				"down": {"uv": [0, 0, 1, 14], "texture": "#1"}
			}
		},
		{
			"from": [3, 24, 1],
			"to": [4, 25, 15],
			"rotation": {"angle": 0, "axis": "y", "origin": [11, 32, 9]},
			"faces": {
				"north": {"uv": [0, 0, 1, 1], "texture": "#1"},
				"east": {"uv": [0, 0, 14, 1], "texture": "#1"},
				"west": {"uv": [0, 0, 14, 1], "texture": "#1"},
				"up": {"uv": [0, 0, 1, 14], "texture": "#1"},
				"down": {"uv": [0, 0, 1, 14], "texture": "#1"}
			}
		},
		{
			"from": [2, 4, 1],
			"to": [14, 9, 14],
			"rotation": {"angle": 0, "axis": "y", "origin": [11, 12, 9]},
			"faces": {
				"north": {"uv": [0, 0, 16, 6.66667], "texture": "#3"},
				"east": {"uv": [0, 0, 13, 5], "texture": "#0"},
				"west": {"uv": [0, 0, 13, 5], "texture": "#0"},
				"up": {"uv": [0, 0, 10, 11], "texture": "#0"},
				"down": {"uv": [0, 0, 10, 11], "texture": "#0"}
			}
		},
		{
			"from": [2, 11, 1],
			"to": [14, 16, 14],
			"rotation": {"angle": 0, "axis": "y", "origin": [11, 19, 9]},
			"faces": {
				"north": {"uv": [0, 0, 16, 6.66667], "texture": "#3"},
				"east": {"uv": [0, 0, 13, 5], "texture": "#0"},
				"west": {"uv": [0, 0, 13, 5], "texture": "#0"},
				"up": {"uv": [0, 0, 10, 11], "texture": "#0"},
				"down": {"uv": [0, 0, 10, 11], "texture": "#0"}
			}
		},
		{
			"from": [2, 18, 1],
			"to": [14, 23, 14],
			"rotation": {"angle": 0, "axis": "y", "origin": [11, 26, 9]},
			"faces": {
				"north": {"uv": [0, 9.33333, 16, 16], "texture": "#3"},
				"east": {"uv": [0, 0, 13, 5], "texture": "#0"},
				"west": {"uv": [0, 0, 13, 5], "texture": "#0"},
				"up": {"uv": [0, 0, 10, 11], "texture": "#0"},
				"down": {"uv": [0, 0, 10, 11], "texture": "#0"}
			}
		},
		{
			"from": [2, 25, 1],
			"to": [14, 30, 14],
			"rotation": {"angle": 0, "axis": "y", "origin": [11, 33, 9]},
			"faces": {
				"north": {"uv": [0, 9.33333, 16, 16], "texture": "#3"},
				"east": {"uv": [0, 0, 13, 5], "texture": "#0"},
				"west": {"uv": [0, 0, 13, 5], "texture": "#0"},
				"up": {"uv": [0, 0, 10, 11], "texture": "#0"},
				"down": {"uv": [0, 0, 10, 11], "texture": "#0"}
			}
		}
	],
	"display": {
		"thirdperson_righthand": {
			"translation": [0, 4, 1.75],
			"scale": [0.5, 0.5, 0.5]
		},
		"thirdperson_lefthand": {
			"translation": [0, 4, 1.75],
			"scale": [0.5, 0.5, 0.5]
		},
		"firstperson_righthand": {
			"rotation": [0, -180, 0],
			"translation": [0, 0, -9.75]
		},
		"firstperson_lefthand": {
			"rotation": [0, -180, 0],
			"translation": [0, 0, -9.75]
		},
		"ground": {
			"translation": [0, 4.75, 0]
		},
		"gui": {
			"rotation": [0, -180, 0],
			"translation": [0, -3.5, 0],
			"scale": [0.5, 0.5, 0.5]
		},
		"fixed": {
			"rotation": [-90, 0, 0],
			"translation": [0, 0, -16],
			"scale": [2, 2, 2]
		}
	}
}