{
	"credit": "Made with Blockbench",
	"textures": {
		"0": "item/sniper",
		"particle": "item/sniper"
	},
	"elements": [
		{
			"from": [7, 7, -8],
			"to": [8, 8, 6],
			"rotation": {"angle": 0, "axis": "y", "origin": [15, 15, -1]},
			"faces": {
				"north": {"uv": [0, 0, 1, 1], "texture": "#missing"},
				"east": {"uv": [1.5, 4, 8.5, 4.5], "texture": "#0"},
				"west": {"uv": [1.5, 4, 8.5, 4.5], "rotation": 180, "texture": "#0"},
				"up": {"uv": [1.5, 4, 8.5, 4.5], "rotation": 270, "texture": "#0"},
				"down": {"uv": [1.5, 4, 8.5, 4.5], "rotation": 90, "texture": "#0"}
			}
		},
		{
			"from": [7, 9, 6],
			"to": [8, 10, 10],
			"rotation": {"angle": 0, "axis": "y", "origin": [15, 17, 8]},
			"faces": {
				"east": {"uv": [4.5, 1, 6.5, 1.5], "texture": "#0"},
				"west": {"uv": [4.5, 1, 6.5, 1.5], "texture": "#0"},
				"up": {"uv": [4.5, 1, 6.5, 1.5], "rotation": 90, "texture": "#0"},
				"down": {"uv": [4.5, 1, 6.5, 1.5], "rotation": 90, "texture": "#0"}
			}
		},
		{
			"from": [7, 8, 7],
			"to": [8, 9, 8],
			"rotation": {"angle": 0, "axis": "y", "origin": [15, 16, 9]},
			"faces": {
				"north": {"uv": [5.5, 2, 6, 2.5], "texture": "#0"},
				"east": {"uv": [5.5, 2, 6, 2.5], "texture": "#0"},
				"south": {"uv": [5.5, 2, 6, 2.5], "texture": "#0"},
				"west": {"uv": [5.5, 2, 6, 2.5], "texture": "#0"}
			}
		},
		{
			"from": [7, 8, 9],
			"to": [8, 9, 10],
			"rotation": {"angle": 0, "axis": "y", "origin": [15, 16, 11]},
			"faces": {
				"north": {"uv": [4.5, 2, 5, 2.5], "texture": "#0"},
				"east": {"uv": [4.5, 2, 5, 2.5], "texture": "#0"},
				"south": {"uv": [4.5, 2, 5, 2.5], "texture": "#0"},
				"west": {"uv": [4.5, 2, 5, 2.5], "texture": "#0"}
			}
		},
		{
			"from": [6.75, 6.75, -9.5],
			"to": [8.25, 8.25, -8],
			"rotation": {"angle": 0, "axis": "y", "origin": [15, 15, -1]},
			"faces": {
				"north": {"uv": [9, 4, 10, 5], "texture": "#0"},
				"east": {"uv": [9, 4, 10, 5], "texture": "#0"},
				"south": {"uv": [9, 4, 10, 5], "texture": "#0"},
				"west": {"uv": [9, 4, 10, 5], "texture": "#0"},
				"up": {"uv": [9, 4, 10, 5], "texture": "#0"},
				"down": {"uv": [9, 4, 10, 5], "texture": "#0"}
			}
		},
		{
			"from": [6.75, 8.75, 4.5],
			"to": [8.25, 10.25, 6],
			"rotation": {"angle": 0, "axis": "y", "origin": [15, 17, 13]},
			"faces": {
				"north": {"uv": [3, 1, 4, 2], "texture": "#0"},
				"east": {"uv": [1.5, 1, 2.5, 2], "texture": "#0"},
				"south": {"uv": [1.5, 1, 2.5, 2], "texture": "#0"},
				"west": {"uv": [1.5, 1, 2.5, 2], "texture": "#0"},
				"up": {"uv": [1.5, 1, 2.5, 2], "texture": "#0"},
				"down": {"uv": [1.5, 1, 2.5, 2], "texture": "#0"}
			}
		},
		{
			"from": [6.75, 8.75, 10],
			"to": [8.25, 10.25, 11.5],
			"rotation": {"angle": 0, "axis": "y", "origin": [15, 17, 19]},
			"faces": {
				"north": {"uv": [1.5, 1, 2.5, 2], "texture": "#0"},
				"east": {"uv": [1.5, 1, 2.5, 2], "texture": "#0"},
				"south": {"uv": [3, 1, 4, 2], "texture": "#0"},
				"west": {"uv": [1.5, 1, 2.5, 2], "texture": "#0"},
				"up": {"uv": [1.5, 1, 2.5, 2], "texture": "#0"},
				"down": {"uv": [1.5, 1, 2.5, 2], "texture": "#0"}
			}
		},
		{
			"from": [6.5, 6, 1],
			"to": [8.5, 7, 19],
			"rotation": {"angle": 0, "axis": "y", "origin": [2, 14, 9]},
			"faces": {
				"north": {"uv": [9.5, 12, 10, 13], "rotation": 90, "texture": "#0"},
				"east": {"uv": [1.5, 11, 9, 11.5], "texture": "#0"},
				"west": {"uv": [1.5, 11, 9, 11.5], "texture": "#0"},
				"up": {"uv": [1.5, 12, 9, 13], "rotation": 90, "texture": "#0"},
				"down": {"uv": [1.5, 12, 9, 13], "rotation": 90, "texture": "#0"}
			}
		},
		{
			"from": [6.5, 7, 6],
			"to": [8.5, 8, 10],
			"rotation": {"angle": 0, "axis": "y", "origin": [2, 15, 7]},
			"faces": {
				"north": {"uv": [13.5, 5.5, 14, 6.5], "rotation": 90, "texture": "#0"},
				"east": {"uv": [11, 4.5, 13, 5], "texture": "#0"},
				"south": {"uv": [13.5, 5.5, 14, 6.5], "rotation": 90, "texture": "#0"},
				"west": {"uv": [11, 4.5, 13, 5], "texture": "#0"},
				"up": {"uv": [11, 5.5, 13, 6.5], "rotation": 90, "texture": "#0"}
			}
		},
		{
			"from": [6.5, 7, 10],
			"to": [8.5, 7.5, 14],
			"rotation": {"angle": 0, "axis": "y", "origin": [2, 15, 11]},
			"faces": {
				"east": {"uv": [11, 4.5, 13, 5], "texture": "#0"},
				"south": {"uv": [13.5, 5.5, 14, 6.5], "rotation": 90, "texture": "#0"},
				"west": {"uv": [11, 4.5, 13, 5], "texture": "#0"},
				"up": {"uv": [11, 5.5, 13, 6.5], "rotation": 90, "texture": "#0"}
			}
		},
		{
			"from": [6.5, 3, 19],
			"to": [8.5, 9, 20.5],
			"rotation": {"angle": 0, "axis": "y", "origin": [14, 15, 27]},
			"faces": {
				"north": {"uv": [2, 6.5, 3, 9.5], "texture": "#0"},
				"east": {"uv": [2, 6.5, 3, 9.5], "texture": "#0"},
				"south": {"uv": [2, 6.5, 3, 9.5], "texture": "#0"},
				"west": {"uv": [2, 6.5, 3, 9.5], "texture": "#0"},
				"up": {"uv": [3.5, 6.5, 4.5, 7.5], "texture": "#0"},
				"down": {"uv": [3.5, 6.5, 4.5, 7.5], "texture": "#0"}
			}
		},
		{
			"from": [6.5, 4, 18.5],
			"to": [8.5, 6, 19],
			"rotation": {"angle": 0, "axis": "y", "origin": [14, 15, 25]},
			"faces": {
				"north": {"uv": [6, 8, 6.5, 9.5], "rotation": 90, "texture": "#0"},
				"east": {"uv": [6, 8, 6.5, 9.5], "texture": "#0"},
				"west": {"uv": [6, 8, 6.5, 9.5], "texture": "#0"},
				"down": {"uv": [6, 8, 6.5, 9.5], "rotation": 90, "texture": "#0"}
			}
		},
		{
			"from": [6.5, 7, 18.5],
			"to": [8.5, 8, 19],
			"rotation": {"angle": 0, "axis": "y", "origin": [14, 18, 25]},
			"faces": {
				"north": {"uv": [7.5, 8, 8, 9], "rotation": 90, "texture": "#0"},
				"east": {"uv": [7.5, 8, 8, 9], "texture": "#0"},
				"west": {"uv": [7.5, 8, 8, 9], "texture": "#0"},
				"up": {"uv": [7.5, 8, 8, 9], "rotation": 90, "texture": "#0"}
			}
		},
		{
			"from": [7, 4, 6],
			"to": [8, 6, 9],
			"rotation": {"angle": 0, "axis": "y", "origin": [15, 12, 14]},
			"faces": {
				"north": {"uv": [13, 8.5, 13.5, 9.5], "texture": "#0"},
				"east": {"uv": [11, 8.5, 12.5, 9.5], "texture": "#0"},
				"south": {"uv": [13, 8.5, 13.5, 9.5], "texture": "#0"},
				"west": {"uv": [11, 8.5, 12.5, 9.5], "texture": "#0"},
				"down": {"uv": [11, 7.5, 12.5, 8], "rotation": 90, "texture": "#0"}
			}
		},
		{
			"from": [7, 5, 11],
			"to": [8, 6, 12],
			"rotation": {"angle": 0, "axis": "y", "origin": [15, 13, 19]},
			"faces": {
				"north": {"uv": [9.5, 7, 10, 7.5], "texture": "#0"},
				"east": {"uv": [9.5, 7, 10, 7.5], "texture": "#0"},
				"west": {"uv": [9.5, 7, 10, 7.5], "texture": "#0"},
				"down": {"uv": [9.5, 7, 10, 7.5], "texture": "#0"}
			}
		},
		{
			"from": [6.75, 3.5, 12],
			"to": [8.25, 6, 13],
			"rotation": {"angle": 0, "axis": "y", "origin": [15, 13, 20]},
			"faces": {
				"north": {"uv": [8.5, 8, 9, 9], "texture": "#0"},
				"east": {"uv": [8.5, 8, 9, 9], "texture": "#0"},
				"south": {"uv": [8.5, 8, 9, 9], "texture": "#0"},
				"west": {"uv": [8.5, 8, 9, 9], "texture": "#0"},
				"down": {"uv": [8.5, 8, 9, 9], "rotation": 90, "texture": "#0"}
			}
		}
	],
	"gui_light": "front",
	"display": {
		"thirdperson_righthand": {
			"translation": [0.5, 2, -2.75]
		},
		"thirdperson_lefthand": {
			"translation": [-0.5, 2, -2.75]
		},
		"firstperson_righthand": {
			"rotation": [20, 0, 5],
			"translation": [0, 5, -2.25]
		},
		"firstperson_lefthand": {
			"rotation": [20, 0, 5],
			"translation": [0, 5, -2.25]
		},
		"ground": {
			"translation": [0, 1.25, 0]
		},
		"gui": {
			"rotation": [0, -90, 0],
			"translation": [-1, 0, 0],
			"scale": [0.5, 0.5, 0.5]
		},
		"fixed": {
			"rotation": [0, 90, 0],
			"translation": [1.5, 0, -0.25],
			"scale": [-0.65, 0.65, 0.65]
		}
	}
}